{
    "id":"ID_1000991358",
    "text":"Abdominal Pain",
    "perform-physical-exam":"Abdomen:Scars;Abdomen:Distension;Abdomen:Tenderness;Abdomen:Lumps",
    "options": [{
        "id":"ID_210551359",
        "text":"Site?",
        "options": [{
            "id":"ID_1935801557",
            "text":"Upper (R) - Right Hypochondrium"
        }, {
            "id":"ID_845387253",
            "text":"Upper (C) - Epigastric"
        }, {
            "id":"ID_1036073432",
            "text":"Upper (L) - Left Hypochondrium"
        }, {
            "id":"ID_568631554",
            "text":"Middle (R) - Right Lumbar"
        }, {
            "id":"ID_962169419",
            "text":"Middle (C) - Umbilical"
        }, {
            "id":"ID_1324037145",
            "text":"Middle (L) - Left Lumbar"
        }, {
            "id":"ID_1239783765",
            "text":"Lower (R) - Right Illiac Fossa"
        }, {
            "id":"ID_644410306",
            "text":"Lower (C) - Hypogastric/Suprapubic"
        }, {
            "id":"ID_562710446",
            "text":"Lower (R) - Left Illiac Fossa"
        }, {
            "id":"ID_917293565",
            "text":"All over"
        }]
    }, {
        "id":"ID_374306869",
        "text":"Onset?",
        "options": [{
            "id":"ID_1052994247",
            "text":"Gradual"
        }, {
            "id":"ID_467135839",
            "text":"Rapidly increasing"
        }, {
            "id":"ID_1466867687",
            "text":"Sudden"
        }, {
            "id":"ID_1906994892",
            "text":"Other [describe]",
            "input-type":"text"
        }]
    }, {
        "id":"ID_1026022834",
        "text":"Timing?",
        "options": [{
            "id":"ID_1291573791",
            "text":"Morning"
        }, {
            "id":"ID_1360001530",
            "text":"Night"
        }, {
            "id":"ID_247362287",
            "text":"Other"
        }, {
            "id":"ID_1637651626",
            "text":"Not linked to any particular time of day"
        }]
    }, {
        "id":"ID_779448716",
        "text":"Duration?",
        "options": [{
            "id":"ID_767467600",
            "text":"Since when?",
            "input-type":"duration"
        }]
    }, {
        "id":"ID_1719879342",
        "text":"Character?",
        "options": [{
            "id":"ID_1639883399",
            "text":"Constant"
        }, {
            "id":"ID_839389482",
            "text":"Colicky/Intermittent (comes & goes)"
        }, {
            "id":"ID_640171637",
            "text":"Gnawing/chewing"
        }, {
            "id":"ID_492112592",
            "text":"Cramping"
        }, {
            "id":"ID_1454167791",
            "text":"Dull, aching"
        }, {
            "id":"ID_460419502",
            "text":"Other [describe]",
            "input-type":"text"
        }]
    }, {
        "id":"ID_334440965",
        "text":"Radiation?",
        "options": [{
            "id":"ID_1457415162",
            "text":"Does not move"
        }, {
            "id":"ID_758995804",
            "text":"Upper (R) - Right Hypochondrium"
        }, {
            "id":"ID_1252297295",
            "text":"Upper (C) - Epigastric"
        }, {
            "id":"ID_498017375",
            "text":"Upper (L) - Left Hypochondrium"
        }, {
            "id":"ID_137477881",
            "text":"Middle (R) - Right Lumbar"
        }, {
            "id":"ID_150225290",
            "text":"Middle (C) - Umbilical"
        }, {
            "id":"ID_1960997639",
            "text":"Middle (L) - Left Lumbar"
        }, {
            "id":"ID_477522154",
            "text":"Lower (R) - Right Illiac Fossa"
        }, {
            "id":"ID_1692350292",
            "text":"Lower (C) - Hypogastric/Suprapubic"
        }, {
            "id":"ID_1565049622",
            "text":"Lower (R) - Left Illiac Fossa"
        }, {
            "id":"ID_622263949",
            "text":"Right shoulder"
        }, {
            "id":"ID_128266450",
            "text":"Right scapula"
        }, {
            "id":"ID_346840033",
            "text":"Groin"
        }, {
            "id":"ID_580405108",
            "text":"Sacral region"
        }, {
            "id":"ID_957000739",
            "text":"Flanks"
        }, {
            "id":"ID_1183788319",
            "text":"Chest"
        }]
    }, {
        "id":"ID_294177528",
        "text":"Associated symptoms?",
        "options": [{
            "id":"ID_1516120181",
            "text":"Nausea"
        }, {
            "id":"ID_1126058800",
            "text":"Vomiting"
        }, {
            "id":"ID_1985768122",
            "text":"Anorexia"
        }, {
            "id":"ID_1147187284",
            "text":"Diarrhoea"
        }, {
            "id":"ID_966543680",
            "text":"Constipation"
        }, {
            "id":"ID_74520590",
            "text":"Fever"
        }, {
            "id":"ID_442321642",
            "text":"Abdominal distention/bloating"
        }, {
            "id":"ID_1113713472",
            "text":"Belching/burping"
        }, {
            "id":"ID_1105381776",
            "text":"Flatulence"
        }, {
            "id":"ID_1045478269",
            "text":"Change in appetite",
            "options": [{
                "id":"ID_99335376",
                "text":"Increased"
            }, {
                "id":"ID_1103933462",
                "text":"Decreased"
            }]
        }, {
            "id":"ID_324285652",
            "text":"Hiccups"
        }, {
            "id":"ID_576443230",
            "text":"Restlessness"
        }, {
            "id":"ID_1015610982",
            "text":"Change in bowel movements",
            "options": [{
                "id":"ID_1091296053",
                "text":"Color change",
                "options": [{
                    "id":"ID_218167256",
                    "text":"Yes [decribe]",
                    "input-type":"text"
                }, {
                    "id":"ID_1925666360",
                    "text":"No"
                }]
            }, {
                "id":"ID_1597444506",
                "text":"Any blood in stool?",
                "options": [{
                    "id":"ID_941565796",
                    "text":"Yes"
                }, {
                    "id":"ID_1578518466",
                    "text":"No"
                }]
            }]
        }, {
            "id":"ID_1504015268",
            "text":"Urinary symptoms",
            "options": [{
                "id":"ID_330292438",
                "text":"Change in frequency [describe]",
                "input-type":"text"
            }, {
                "id":"ID_1019342392",
                "text":"Any color change in urine?",
                "options": [{
                    "id":"ID_1916988026",
                    "text":"Yes [describe]",
                    "input-type":"text"
                }, {
                    "id":"ID_1746821438",
                    "text":"No"
                }]
            }]
        }, {
            "id":"ID_491498670",
            "text":"Injury"
        }, {
            "id":"ID_6543523",
            "text":"Others [describe]",
            "input-type":"text"
        }]
    }, {
        "id":"ID_1343783907",
        "text":"Exacerbating Factors?",
        "options": [{
            "id":"ID_529298614",
            "text":"Hunger"
        }, {
            "id":"ID_884486009",
            "text":"Food"
        }, {
            "id":"ID_1552008107",
            "text":"Urination"
        }, {
            "id":"ID_1112583071",
            "text":"Pressure"
        }, {
            "id":"ID_953323975",
            "text":"Movement"
        }, {
            "id":"ID_267946733",
            "text":"Coughing"
        }, {
            "id":"ID_1947537413",
            "text":"Straining"
        }, {
            "id":"ID_767780670",
            "text":"Other [describe]",
            "input-type":"text"
        }]
    }, {
        "id":"ID_971905494",
        "text":"Relieving Factors?",
        "options": [{
            "id":"ID_1266170702",
            "text":"Medications [describe]",
            "input-type":"text"
        }, {
            "id":"ID_1774996180",
            "text":"Food"
        }, {
            "id":"ID_266980448",
            "text":"Leaning forward"
        }, {
            "id":"ID_33512499",
            "text":"Squatting"
        }, {
            "id":"ID_1168881523",
            "text":"Vomiting"
        }, {
            "id":"ID_79912314",
            "text":"Passing of stool"
        }, {
            "id":"ID_1303352427",
            "text":"None"
        }, {
            "id":"ID_443778764",
            "text":"Other [describe]",
            "input-type":"text"
        }]
    }, {
        "id":"ID_88181483",
        "text":"Severity?",
        "options": [{
            "id":"ID_277668181",
            "text":"Mild, 1-3"
        }, {
            "id":"ID_279688978",
            "text":"Moderate, 4-6"
        }, {
            "id":"ID_1018371251",
            "text":"Severe, 7-9"
        }, {
            "id":"ID_1999276601",
            "text":"Very Severe, 10"
        }]
    }, {
        "id":"ID_603354416",
        "text":"Menstrual History?",
        "associated-complaint":"Period Problems",
        "options": [{
            "id":"ID_1028372609",
            "text":"Enter text",
            "input-type":"text"
        }]
    }]
}