{
    "id":"ID_199741728",
    "text":"Chest Discomfort or Pain",
    "perform-physical-exam":"Chest:Breath Sounds;Chest:Heart Sounds",
    "options": [{
        "id":"ID_1097284051",
        "text":"Site?",
        "options": [{
            "id":"ID_499098924",
            "text":"Retrosternal "
        }, {
            "id":"ID_1479914539",
            "text":"Left sided"
        }, {
            "id":"ID_1192098782",
            "text":"Right Sided"
        }, {
            "id":"ID_210892430",
            "text":"Epigastric"
        }, {
            "id":"ID_954814",
            "text":"Interscapular"
        }, {
            "id":"ID_1906994892",
            "text":"Other [describe]",
    "input-type":"text"
        }]
    }, {
        "id":"ID_576852144",
        "text":"Onset?",
        "options": [{
            "id":"ID_1696872731",
            "text":"Very sudden"
        }, {
            "id":"ID_1753690119",
            "text":"Gradual"
        }, {
            "id":"ID_1741109728",
            "text":"Intermittent"
        }, {
            "id":"ID_1928464335",
            "text":"Over a few minutes"
        }, {
            "id":"ID_1463228148",
            "text":"Over few hours"
        }, {
            "id":"ID_1619720559",
            "text":"Over few days"
        }, {
            "id":"ID_192961491",
            "text":"Other [describe]",
    "input-type":"text"
        }]
    }, {
        "id":"ID_510851446",
        "text":"Character?",
        "options": [{
            "id":"ID_1366878991",
            "text":"Constricting/ Heavy"
        }, {
            "id":"ID_244472340",
            "text":"Tearing/ Ripping"
        }, {
            "id":"ID_118926035",
            "text":"Sharp/ Stabbing"
        }, {
            "id":"ID_1594691174",
            "text":"Dull/ Aching"
        }, {
            "id":"ID_935890451",
            "text":"Burning"
        }, {
            "id":"ID_185366562",
            "text":"Other [describe]",
    "input-type":"text"
        }]
    }, {
        "id":"ID_424998777",
        "text":"Radiation?",
        "options": [{
            "id":"ID_764669338",
            "text":"Left arm"
        }, {
            "id":"ID_1714492580",
            "text":"Right arm"
        }, {
            "id":"ID_1026099397",
            "text":"Neck"
        }, {
            "id":"ID_1236143445",
            "text":"Jaw"
        }, {
            "id":"ID_317846025",
            "text":"Epigastric"
        }, {
            "id":"ID_992751591",
            "text":"Left shoulder"
        }, {
            "id":"ID_1881019220",
            "text":"Right shoulder"
        }, {
            "id":"ID_596223578",
            "text":"Back- Left "
        }, {
            "id":"ID_315246689",
            "text":"Back- right"
        }, {
            "id":"ID_1784322506",
            "text":"Does not move"
        }, {
            "id":"ID_651047348",
            "text":"Other [describe]",
    "input-type":"text"
        }]
    }, {
        "id":"ID_646814799",
        "text":"Associated Symptoms?",
        "options": [{
            "id":"ID_938116489",
            "text":"Breathlessness"
        }, {
            "id":"ID_1996558297",
            "text":"Anxiety"
        }, {
            "id":"ID_282037719",
            "text":"Sweating"
        }, {
            "id":"ID_1783657317",
            "text":"Nausea"
        }, {
            "id":"ID_72863531",
            "text":"Vomitting"
        }, {
            "id":"ID_353747352",
            "text":"Palpitation"
        }, {
            "id":"ID_1379203492",
            "text":"Fatigue"
        }, {
            "id":"ID_1146141432",
            "text":"Hemoptysis"
        }, {
            "id":"ID_1360869256",
            "text":"Syncope"
        }, {
            "id":"ID_1706537670",
            "text":"Dizziness"
        }, {
            "id":"ID_1573381783",
            "text":"Other [describe]",
    "input-type":"text"
        }]
    }, {
        "id":"ID_209085958",
        "text":"Timing?",
        "options": [{
            "id":"ID_856702349",
            "text":"At night"
        }, {
            "id":"ID_81562500",
            "text":"In the morning"
        }, {
            "id":"ID_258808356",
            "text":"Not linked to any particular time of day"
        }, {
            "id":"ID_1788856689",
            "text":"Other [describe]",
    "input-type":"text"
        }]
    }, {
        "id":"ID_521099870",
        "text":"Duration?",
        "options": [{
            "id":"ID_722958636",
            "text":"Few minutes"
        }, {
            "id":"ID_289879352",
            "text":"Prolonged"
        }, {
            "id":"ID_516928783",
            "text":"Variable"
        }, {
            "id":"ID_1803035582",
            "text":"Other [describe]",
    "input-type":"text"
        }]
    }, {
        "id":"ID_419103312",
        "text":"Exacerbating Factors?",
        "options": [{
            "id":"ID_1656132027",
            "text":"Movement"
        }, {
            "id":"ID_331303604",
            "text":"Exercise"
        }, {
            "id":"ID_538280861",
            "text":"Emotional distress"
        }, {
            "id":"ID_1559842614",
            "text":"Anxiety"
        }, {
            "id":"ID_821920960",
            "text":"Cold"
        }, {
            "id":"ID_1586047947",
            "text":"Lying down on the back"
        }, {
            "id":"ID_1353521990",
            "text":"Lying down to the side"
        }, {
            "id":"ID_149680876",
            "text":"Sitting up"
        }, {
            "id":"ID_1820741105",
            "text":"Some foods"
        }, {
            "id":"ID_50130500",
            "text":"Other [describe]",
    "input-type":"text"
        }, {
            "id":"ID_31403067",
            "text":"None"
        }]
    }, {
        "id":"ID_267403560",
        "text":"Relieving Factors?",
        "options": [{
            "id":"ID_1748219476",
            "text":"Rest"
        }, {
            "id":"ID_394855000",
            "text":"Sitting up"
        }, {
            "id":"ID_225467707",
            "text":"Leaning forward"
        }, {
            "id":"ID_1476599358",
            "text":"Medications (Name them)"
        }, {
            "id":"ID_507205537",
            "text":"Other [describe]",
    "input-type":"text"
        }, {
            "id":"ID_135241253",
            "text":"None"
        }]
    }, {
        "id":"ID_1909032354",
        "text":"Severity?",
        "options": [{
            "id":"ID_277668181",
            "text":"Mild, 1-3"
        }, {
            "id":"ID_279688978",
            "text":"Moderate, 4-6"
        }, {
            "id":"ID_1018371251",
            "text":"Severe, 7-9"
        }, {
            "id":"ID_1999276601",
            "text":"Very Severe, 10"
        }]
    }, {
        "id":"ID_192873585",
        "text":"Since when?",
        "options": [{
            "id":"ID_812840711",
            "text":"How many days?",
    "input-type":"duration"
        }, {
            "id":"ID_1041978641",
            "text":"Don't know"
        }]
    }]
}