{
    "id":"ID_1943983355",
    "text":"Constipation",
    "options": [{
        "id":"ID_1736557116",
        "text":"Has constipation been lifelong or recent onset?",
        "options": [{
            "id":"ID_1132073105",
            "text":"Lifelong",
    "language":""
        }, {
            "id":"ID_545759431",
            "text":"Recent Onset",
            "options": [{
                "id":"ID_486107398",
                "text":"Since when? ",
    "input-type":"duration",
    "language":""
            }]
        }]
    }, {
        "id":"ID_1056458485",
        "text":"How many times each week do you have satisfactory bowel movements/pass stool?",
        "options": [{
            "id":"ID_178322926",
            "text":"Frequency of passing stool",
    "input-type":"frequency",
    "language":""
        }]
    }, {
        "id":"ID_1139141115",
        "text":"How much time does it take to pass stool?",
        "options": [{
            "id":"ID_1853933486",
            "text":"The time it takes to pass stool",
    "input-type":"frequency",
    "language":""
        }]
    }, {
        "id":"ID_952268447",
        "text":"Has the shape of the stool changed?",
        "options": [{
            "id":"ID_848739010",
            "text":"Yes",
    "input-type":"text",
    "language":""
        }, {
            "id":"ID_1745780015",
            "text":"No",
    "language":""
        }]
    }, {
        "id":"ID_101605505",
        "text":"Are there any other associated symptoms?",
        "options": [{
            "id":"ID_785227300",
            "text":"Abdominal pain",
    "language":""
        }, {
            "id":"ID_1094726771",
            "text":"Anal pain on defecation",
    "language":""
        }, {
            "id":"ID_714541949",
            "text":"Rectal bleeding",
    "language":""
        }, {
            "id":"ID_369741769",
            "text":"Vomitting",
    "language":""
        }, {
            "id":"ID_1111971488",
            "text":"Anemia",
    "language":""
        }, {
            "id":"ID_989327823",
            "text":"Weight loss",
    "language":""
        }]
    }, {
        "id":"ID_713732393",
        "text":"Have you been using any medications recently or regularly?",
        "options": [{
            "id":"ID_1902454886",
            "text":"Yes",
            "options": [{
                "id":"ID_1862777606",
                "text":"For how long have you been using it?",
    "input-type":"frequency",
    "language":""
            }, {
                "id":"ID_1663444695",
                "text":"What medicine are you using?",
    "input-type":"text",
    "language":""
            }]
        }, {
            "id":"ID_716766067",
            "text":"No",
    "language":""
        }]
    }, {
        "id":"ID_1479629832",
        "text":"Have you been passing gas?",
        "options": [{
            "id":"ID_660557605",
            "text":"Yes - Passage of gas",
    "language":""
        }, {
            "id":"ID_255261090",
            "text":"No passage of gas",
    "language":""
        }]
    }, {
        "id":"ID_852476621",
        "text":"Do you have Tenesmus?",
        "options": [{
            "id":"ID_299588231",
            "text":"Yes",
            "options": [{
                "id":"ID_422196700",
                "text":"How often do you feel this?",
    "input-type":"frequency",
    "language":""
            }]
        }, {
            "id":"ID_50500886",
            "text":"No",
    "language":""
        }]
    }, {
        "id":"ID_1149446324",
        "text":"Do you feel an urge to pass stool even though you are not able to pass stool?",
        "options": [{
            "id":"ID_894899795",
            "text":"Yes",
    "language":""
        }, {
            "id":"ID_74473248",
            "text":"No",
    "laguage":""
        }]
    }, {
        "id":"ID_1217459844",
        "text":"What's the consistency of the stool?",
        "options": [{
            "id":"ID_1626550866",
            "text":"Hard",
    "language":""
        }, {
            "id":"ID_587353637",
            "text":"Soft",
    "language":""
        }, {
            "id":"ID_87169154",
            "text":"Lumpy",
    "language":""
        }, {
            "id":"ID_781676400",
            "text":"Other",
    "input-type":"text",
    "language":""
        }]
    }, {
        "id":"ID_1338591542",
        "text":"Any recent change in diet?",
        "options": [{
            "id":"ID_660748842",
            "text":"Yes",
    "input-type":"text",
    "language":""
        }, {
            "id":"ID_1570259668",
            "text":"My diet habits are the same",
    "language":""
        }]
    }]
}