{
    "id":"ID_516127614",
    "text":"Dsyphagia or Difficulty Swallowing",
    "perform-physical-exam":"Face:Swollen Face;Hands:Nails cyanosis;Chest:Heart Sounds;Chest:Breath Sounds",
    "options": [{
        "id":"ID_1161621112",
        "text":"How long is the history of dysphagia?",
    "language":"h/o dysphagia",
        "options": [{
            "id":"ID_807554708",
            "text":"Enter duration",
    "input-type":"duration",
    "language":"since _"
        }]
    }, {
        "id":"ID_390835892",
        "text":"Does it happen for solid, liquid foods or both?",
    "language":"Happens for",
        "options": [{
            "id":"ID_302826321",
            "text":"Solid foods",
    "language":"solid foods"
        }, {
            "id":"ID_1060047114",
            "text":"Liquid foods",
    "language":"liquid foods"
        }, {
            "id":"ID_1006649094",
            "text":"Both",
    "language":"both solid and liquid foods"
        }]
    }, {
        "id":"ID_349998998",
        "text":"Is it painful or painless?",
        "options": [{
            "id":"ID_1878022177",
            "text":"Painful",
    "language":"painful while swallowing"
        }, {
            "id":"ID_1203052971",
            "text":"Painless",
    "language":"no pain while swallowing"
        }]
    }, {
        "id":"ID_1550907764",
        "text":"Nature?",
    "language":"Nature",
        "options": [{
            "id":"ID_1252782770",
            "text":"Intermittent (occasionally there)",
    "language":"intermittent"
        }, {
            "id":"ID_592855068",
            "text":"Constant (continuously there with every meal)",
    "language":"constant"
        }, {
            "id":"ID_1998228289",
            "text":"Progressive (becoming worse)",
    "language":"progressive"
        }]
    }, {
        "id":"ID_1046751540",
        "text":"Associated with?",
    "language":"Associated symptoms",
        "options": [{
            "id":"ID_289216483",
            "text":"Acidity",
    "language":"acidity"
        }, {
            "id":"ID_1114228159",
            "text":"Heartburn",
    "language":"heartburn"
        }, {
            "id":"ID_1937041512",
            "text":"Chest Pain",
    "language":"chest pain"
        }, {
            "id":"ID_399812515",
            "text":"History of recent surgery",
    "language":"h/o recent surgery"
        }, {
            "id":"ID_1013864265",
            "text":"Coughing",
    "language":"coughing"
        }, {
            "id":"ID_441028239",
            "text":"None",
    "language":"none"
        }]
    }, {
        "id":"ID_631203527",
        "text":"Do you feel like food is getting stuck when you swallow?",
        "options": [{
            "id":"ID_515545314",
            "text":"Yes",
    "language":"experiencing sensation of food being stuck at",
            "options": [{
                "id":"ID_1018730981",
                "text":"Where?",
                "options": [{
                    "id":"ID_1867036448",
                    "text":"Stomach level",
    "language":"stomach level"
                }, {
                    "id":"ID_1129186937",
                    "text":"Lower chest",
    "language":"level of lower chest"
                }, {
                    "id":"ID_469562681",
                    "text":"Upper chest",
    "language":"level of upper chest"
                }, {
                    "id":"ID_1854288824",
                    "text":"Throat",
    "language":"level of throat"
                }, {
                    "id":"ID_1935902951",
                    "text":"Other[describe]",
    "input-type":"text",
    "language":"_"
                }]
            }]
        }, {
            "id":"ID_98494439",
            "text":"No",
    "language":"no"
        }]
    }, {
        "id":"ID_680877624",
        "text":"Any regurgitation? (Does the food come back up?)",
        "options": [{
            "id":"ID_531363784",
            "text":"Yes",
    "language":"experiencing regurgitation",
            "options": [{
                "id":"ID_127463449",
                "text":"From nose",
    "language":"from nose"
            }, {
                "id":"ID_1190181422",
                "text":"From mouth",
    "language":"from mouth"
            }, {
                "id":"ID_1945551963",
                "text":"From both",
    "language":"from both nose and mouth"
            }]
        }, {
            "id":"ID_486325603",
            "text":"No",
    "language":"no regurgitation"
        }]
    }, {
        "id":"ID_195644330",
        "text":"Are you currently taking any medicines?",
        "options": [{
            "id":"ID_921650322",
            "text":"Yes",
    "language":"is currently taking medication",
            "options": [{
                "id":"ID_1246974015",
                "text":"Which medicines?",
    "input-type":"text",
    "language":"_"
            }, {
                "id":"ID_983847490",
                "text":"Since when?",
    "input-type":"date",
    "language":"since _"
            }]
        }, {
            "id":"ID_277388021",
            "text":"No",
    "language":"currently not on any medication"
        }]
    }]
}