{
    "id":"ID_303783560",
    "text":"Fever",
    "perform-physical-exam":"Mouth:Back of throat redness swelling;Chest:Skin Red Spots;Chest:Breath Sounds",
    "options": [{
        "id":"ID_549359889",
        "text":"Duration?",
        "options": [{
            "id":"ID_1456380345",
            "text":"Since when",
    "input-type":"duration"
        }]
    }, {
        "id":"ID_570262661",
        "text":"Nature?",
        "options": [{
            "id":"ID_1434989288",
            "text":"All day/ Constant"
        }, {
            "id":"ID_2420513",
            "text":"Irregular (comes & goes)"
        }, {
            "id":"ID_1220882698",
            "text":"Periodic [describe period]",
            "options": [{
                "id":"ID_1877805872",
                "text":"Alternate days"
            }, {
                "id":"ID_1188913049",
                "text":"Every few hours"
            }, {
                "id":"ID_881523069",
                "text":"Every few days"
            }, {
                "id":"ID_99907657",
                "text":"Other [describe]"
            }]
        }]
    }, {
        "id":"ID_1515765694",
        "text":"Timing?",
        "options": [{
            "id":"ID_1012801036",
            "text":"All day"
        }, {
            "id":"ID_1350825896",
            "text":"Morning"
        }, {
            "id":"ID_757091275",
            "text":"Evening"
        }, {
            "id":"ID_1340390501",
            "text":"Night"
        }, {
            "id":"ID_1906994892",
            "text":"Other [describe]",
    "input-type":"text"
        }]
    }, {
        "id":"ID_1234321810",
        "text":"Severity?",
        "options": [{
            "id":"ID_107199083",
            "text":"Low"
        }, {
            "id":"ID_1269790101",
            "text":"Moderate"
        }, {
            "id":"ID_1406542099",
            "text":"High"
        }, {
            "id":"ID_489074591",
            "text":"Combined high and low"
        }]
    }, {
        "id":"ID_705009580",
        "text":"Does anyone in your family have fever/had fever recently?",
        "options": [{
            "id":"ID_355217692",
            "text":"Yes"
        }, {
            "id":"ID_1924028907",
            "text":"No"
        }]
    }, {
        "id":"ID_382852578",
        "text":"Any travel?",
        "options": [{
            "id":"ID_1670552427",
            "text":"Yes [describe]",
    "input-type":"text"
        }, {
            "id":"ID_1914522243",
            "text":"No"
        }]
    }, {
        "id":"ID_1422717482",
        "text":"Associated symptoms?",
        "options": [{
            "id":"ID_157243198",
            "text":"Cough?",
            "options": [{
                "id":"ID_1796728642",
                "text":"Yes",
                "options": [{
                    "id":"ID_939500615",
                    "text":"Any bleeding?",
                    "options": [{
                        "id":"ID_1285902775",
                        "text":"Yes"
                    }, {
                        "id":"ID_21180239",
                        "text":"No"
                    }]
                }, {
                    "id":"ID_1612772172",
                    "text":"Color of sputum [describe]",
    "input-type":"text"
                }]
            }, {
                "id":"ID_983797757",
                "text":"No"
            }]
        }, {
            "id":"ID_1645426383",
            "text":"Pain?",
            "options": [{
                "id":"ID_1584571149",
                "text":"Yes [describe]",
    "input-type":"text"
            }, {
                "id":"ID_353120323",
                "text":"No"
            }]
        }, {
            "id":"ID_936898754",
            "text":"General Weakness?"
        }, {
            "id":"ID_235017393",
            "text":"Loss of Weight?"
        }, {
            "id":"ID_1310566684",
            "text":"Headache?"
        }, {
            "id":"ID_757040944",
            "text":"Vomiting?"
        }, {
            "id":"ID_39019143",
            "text":"Nausea?"
        }, {
            "id":"ID_1295072716",
            "text":"Photosensitivity?"
        }, {
            "id":"ID_1691359694",
            "text":"Sweating?"
        }, {
            "id":"ID_1471326626",
            "text":"Loss of appetite?"
        }, {
            "id":"ID_1359276592",
            "text":"Any rash? [describe & take picture]"
        }, {
            "id":"ID_1891556441",
            "text":"Urinary symptoms",
            "options": [{
                "id":"ID_1162467925",
                "text":"Burning sensation during urination"
            }, {
                "id":"ID_330292438",
                "text":"Change in frequency [describe]",
    "input-type":"text"
            }, {
                "id":"ID_1019342392",
                "text":"Any color change in urine?",
                "options": [{
                    "id":"ID_1916988026",
                    "text":"Yes [describe]",
    "input-type":"text"
                }, {
                    "id":"ID_1746821438",
                    "text":"No"
                }]
            }]
        }, {
            "id":"ID_558962385",
            "text":"Chill?"
        }, {
            "id":"ID_1981046709",
            "text":"Shivers/Rigor?"
        }]
    }, {
        "id":"ID_193417295",
        "text":"Additional information?",
        "options": [{
            "id":"ID_1690804110",
            "text":"Enter text",
    "input-type":"text"
        }]
    }]
}