{
    "id":"ID_1717553093",
    "text":"Vomiting",
    "perform-physical-exam":"Abdomen:Scars;Abdomen:Distension;Abdomen:Tenderness;Abdomen:Lumps",
    "options": [{
        "id":"ID_1354464162",
        "text":"Is there nausea preceding the vomiting or does it occur without warning?",
        "options": [{
            "id":"ID_754299210",
            "text":"Preceded by nausea",
    "language":""
        }, {
            "id":"ID_1878164436",
            "text":"Preceded by cough",
    "language":""
        }, {
            "id":"ID_101135",
            "text":"Not preceded by nausea. Occurs without warning",
    "language":""
        }]
    }, {
        "id":"ID_1326334050",
        "text":"Associated symptoms?",
        "options": [{
            "id":"ID_364789600",
            "text":"Abdominal pain",
            "options": [{
                "id":"ID_340549982",
                "text":"Is it relieved by vomiting?",
                "options": [{
                    "id":"ID_1380516529",
                    "text":"Yes",
    "lanuage":""
                }, {
                    "id":"ID_1219539788",
                    "text":"No",
    "language":""
                }]
            }]
        }, {
            "id":"ID_1709731790",
            "text":"Acidity/Dyspepsia",
            "options": [{
                "id":"ID_273517250",
                "text":"Is it relieved by vomiting?",
                "options": [{
                    "id":"ID_1594115007",
                    "text":"Yes",
    "language":""
                }, {
                    "id":"ID_1578407818",
                    "text":"No",
    "language":""
                }]
            }]
        }, {
            "id":"ID_1379421691",
            "text":"Weight Loss",
    "language":""
        }, {
            "id":"ID_1413715743",
            "text":"Fever",
    "language":""
        }, {
            "id":"ID_1911327794",
            "text":"Headache",
    "language":""
        }, {
            "id":"ID_847315864",
            "text":"Change in field of vision",
    "language":""
        }, {
            "id":"ID_716012519",
            "text":"Vertigo",
    "language":""
        }, {
            "id":"ID_1571724107",
            "text":"Tinnitus",
    "language":""
        }]
    }, {
        "id":"ID_291790133",
        "text":"Is it related to any specific time of the day?",
        "options": [{
            "id":"ID_1249077930",
            "text":"Not related",
    "language":""
        }, {
            "id":"ID_1274851946",
            "text":"Early morning",
    "language":""
        }, {
            "id":"ID_350460655",
            "text":"Late morning",
    "language":""
        }, {
            "id":"ID_1355686189",
            "text":"Lunch time",
    "language":""
        }, {
            "id":"ID_1161779068",
            "text":"Dinner time",
    "language":""
        }, {
            "id":"ID_1460213864",
            "text":"Other",
    "input-type":"text",
    "language":""
        }]
    }, {
        "id":"ID_1479463322",
        "text":"Does it happen shortly after taking a meal?",
        "options": [{
            "id":"ID_876359024",
            "text":"Yes",
    "language":""
        }, {
            "id":"ID_1616003547",
            "text":"No",
    "language":""
        }]
    }, {
        "id":"ID_1226979281",
        "text":"Can you describe it's taste?",
        "options": [{
            "id":"ID_1660363842",
            "text":"Sour",
    "language":""
        }, {
            "id":"ID_1111599101",
            "text":"Bitter",
    "language":""
        }, {
            "id":"ID_393984828",
            "text":"Other",
    "input-type":"text",
    "language":""
        }]
    }, {
        "id":"ID_1843423178",
        "text":"Can you describe it's color?",
        "options": [{
            "id":"ID_1099722587",
            "text":"Yellowish",
    "language":""
        }, {
            "id":"ID_1044861138",
            "text":"Greenish",
    "language":""
        }, {
            "id":"ID_1223022897",
            "text":"Reddish",
    "language":""
        }, {
            "id":"ID_760564350",
            "text":"Blackish",
    "language":""
        }]
    }, {
        "id":"ID_762414617",
        "text":"Can you describe it's smell?",
        "options": [{
            "id":"ID_731089019",
            "text":"Smells like stool",
    "language":""
        }, {
            "id":"ID_379640191",
            "text":"Other",
    "input-type":"text",
    "language":""
        }]
    }, {
        "id":"ID_117504351",
        "text":"Does it appear to be partially digested food eaten several days/hours ago?",
        "options": [{
            "id":"ID_1012231909",
            "text":"Yes",
    "language":""
        }, {
            "id":"ID_1300659231",
            "text":"No",
    "language":""
        }]
    }]
}