{
    "id":"ID_1551174414",
    "text":"Weight Loss",
    "options": [{
        "id":"ID_1636203610",
        "text":"How much weight have you lost?",
        "options": [{
            "id":"ID_42058366",
            "text":"Enter approximate number of kgs",
    "input-type":"number",
    "language":"lost approximately kgs"
        }, {
            "id":"ID_1926521806",
            "text":"Don't know",
    "language":"amount of weight loss unknown"
        }]
    }, {
        "id":"ID_1544715240",
        "text":"Over what period have you lost weight?",
        "options": [{
            "id":"ID_1024551526",
            "text":"Enter period",
    "input-type":"duration",
    "language":"lost weight over _"
        }]
    }, {
        "id":"ID_1819309979",
        "text":"Have your clothes become loose or ill-fitting?",
        "options": [{
            "id":"ID_782992789",
            "text":"Yes",
    "language":"clothes have become loose or ill-fitting"
        }, {
            "id":"ID_1254613982",
            "text":"No",
    "language":"no"
        }]
    }, {
        "id":"ID_560750173",
        "text":"How is your apettite?",
        "options": [{
            "id":"ID_1618124256",
            "text":"Normal",
    "language":"apettite is normal"
        }, {
            "id":"ID_1433786321",
            "text":"Reduced",
    "language":"apettite is reduced"
        }, {
            "id":"ID_1072716764",
            "text":"Increased",
    "language":"apettite is incresed"
        }]
    }, {
        "id":"ID_1931939860",
        "text":"Do you still enjoy your food?",
        "options": [{
            "id":"ID_1740307354",
            "text":"Yes"
        }, {
            "id":"ID_1696704548",
            "text":"No"
        }]
    }, {
        "id":"ID_492954737",
        "text":"Any change in smell or taste?",
        "options": [{
            "id":"ID_335570396",
            "text":"Yes"
        }, {
            "id":"ID_1954492290",
            "text":"No"
        }]
    }, {
        "id":"ID_1786865029",
        "text":"Any change in bowel habits?",
        "options": [{
            "id":"ID_489525402",
            "text":"Yes"
        }, {
            "id":"ID_214145718",
            "text":"No"
        }]
    }, {
        "id":"ID_1221163231",
        "text":"Any history of the following?",
        "options": [{
            "id":"ID_1360420450",
            "text":"Constipation"
        }, {
            "id":"ID_434143146",
            "text":"Diarrhea"
        }, {
            "id":"ID_1687854572",
            "text":"Bloating"
        }, {
            "id":"ID_785697286",
            "text":"Flatulence"
        }, {
            "id":"ID_1918126603",
            "text":"Abdominal cramping"
        }, {
            "id":"ID_492847870",
            "text":"Dysphagia"
        }]
    }, {
        "id":"ID_1818960178",
        "text":"Is there increased frequency in urination?",
        "options": [{
            "id":"ID_1524009627",
            "text":"Yes"
        }, {
            "id":"ID_1927423096",
            "text":"No"
        }]
    }, {
        "id":"ID_1457567896",
        "text":"Have you ever been diagnosed with diabetes?",
        "options": [{
            "id":"ID_323753668",
            "text":"Yes",
            "options": [{
                "id":"ID_1295493793",
                "text":"How long ago?",
                "options": [{
                    "id":"ID_1112542265",
                    "text":"[Enter]",
    "input-type":"date"
                }]
            }, {
                "id":"ID_733886934",
                "text":"Are you taking any medications?",
                "options": [{
                    "id":"ID_151893221",
                    "text":"Yes[Describe]",
    "input-type":"text"
                }, {
                    "id":"ID_1204926906",
                    "text":"No"
                }]
            }]
        }, {
            "id":"ID_197220669",
            "text":"No"
        }]
    }, {
        "id":"ID_1873095578",
        "text":"Do you have tremors?",
        "options": [{
            "id":"ID_156983297",
            "text":"Yes"
        }, {
            "id":"ID_1952610747",
            "text":"No"
        }]
    }, {
        "id":"ID_1936211322",
        "text":"Do you have palpitations?",
        "options": [{
            "id":"ID_1818818687",
            "text":"Yes"
        }, {
            "id":"ID_1916662058",
            "text":"No"
        }]
    }, {
        "id":"ID_1627371317",
        "text":"Do you use a toilet?",
        "options": [{
            "id":"ID_600142673",
            "text":"Yes"
        }, {
            "id":"ID_322708843",
            "text":"No"
        }]
    }, {
        "id":"ID_652494550",
        "text":"Do you walk barefoot?",
        "options": [{
            "id":"ID_569208318",
            "text":"Yes"
        }, {
            "id":"ID_382604249",
            "text":"No"
        }]
    }, {
        "id":"ID_728326579",
        "text":"Any recent bereavement in the family?",
        "options": [{
            "id":"ID_1527041857",
            "text":"Yes"
        }, {
            "id":"ID_1147710111",
            "text":"No"
        }]
    }, {
        "id":"ID_463628596",
        "text":"Do you take alcohol?",
        "options": [{
            "id":"ID_1785720126",
            "text":"Yes",
            "options": [{
                "id":"ID_1228890313",
                "text":"How much?",
                "options": [{
                    "id":"ID_553808193",
                    "text":"Enter amount",
    "input-type":"text"
                }]
            }, {
                "id":"ID_1426157020",
                "text":"Since when?",
                "options": [{
                    "id":"ID_442193690",
                    "text":"Enter duration",
    "input-type":"date"
                }]
            }]
        }, {
            "id":"ID_1505759119",
            "text":"No"
        }]
    }, {
        "id":"ID_74069967",
        "text":"Have you been feeling sad/depressed/lonely/isolated?",
        "options": [{
            "id":"ID_1669431359",
            "text":"Yes"
        }, {
            "id":"ID_1498027498",
            "text":"No"
        }]
    }, {
        "id":"ID_1170334824",
        "text":"Are you taking any medications?",
        "options": [{
            "id":"ID_225938489",
            "text":"Yes",
            "options": [{
                "id":"ID_309913666",
                "text":"Which?",
                "options": [{
                    "id":"ID_1420593495",
                    "text":"Describe",
    "input-type":"text"
                }]
            }, {
                "id":"ID_1031055215",
                "text":"Since when?",
                "options": [{
                    "id":"ID_791123668",
                    "text":"Enter date",
    "input-type":"date"
                }]
            }]
        }, {
            "id":"ID_1715674778",
            "text":"No"
        }]
    }]
}