{
    "id":"ID_1662266067",
    "text":"Safe abortion- Resolution & feedback",
    "options": [{
        "id":"ID_1642650803",
        "text":"Requested Referral",
    "display":"Would you like to be referred to a safe, non-judgmental service for support?",
    "language":"%",
        "options": [{
            "id":"ID_355444765",
            "text":"Yes",
    "language":"Caller requested referral"
        }, {
            "id":"ID_708254628",
            "text":"No",
    "language":"Caller did not request referral"
        }, {
            "id":"ID_623313120",
            "text":"Other option (Enter text)",
    "input-type":"text"
        }]
    }, {
        "id":"ID_329501265",
        "text":"Referral",
    "language":"Caller was referred to",
    "display":"Where was the caller referred to? (Choose all that apply, if applicable)",
        "options": [{
            "id":"ID_1300731257",
            "text":"Clinic-medical provider (for follow up care post-MA)"
        }, {
            "id":"ID_1300731259",
            "text":"Partner organization (for assistance with resources outside of Vikalp's reach)"
        }, {
            "id":"ID_1300731250",
            "text":"Website (for more information about Vikalp)"
        }, {
            "id":"ID_1300731254",
            "text":"Lawyer (for domestic violence purposes)"
        }, {
            "id":"ID_1300731258",
            "text":"Other (Enter text)",
            "input-type":"text"

        }]
    }, {
        "id":"ID_1300731257",
        "text":"Follow-up",
    "display":"Would you like us to follow up with you over the phone in 1-2 weeks?",
        "options": [{
            "id":"ID_739643875",
            "text":"Yes",
    "language":"%",
            "options": [{
                "id":"ID_1730169011",
                "text":"Reaching Out by number",
    "display":"Do you own this phone/have access to it all the time and would you be comfortable with us reaching out on this number after a couple of days?",
                "options": [{
                    "id":"ID_115424552",
                    "text":"Yes (enter phone number)",
    "input-type":"number",
    "language":"%"
                }, {
                    "id":"ID_1180255651",
                    "text":"No, I do not own this phone and do not have access to it all the time",
    "language":"Caller does not own this phone and does not have access to it all the time"
                }, {
                    "id":"ID_1348595148",
                    "text":"No I do not feel comfortable with someone calling this phone",
    "language":"Caller does not feel comfortable with someone calling this phone"
                }]
            }, {
                "id":"ID_51342815",
                "text":"Other Number or email",
    "display":"Do you have another way for us to contact you? Would you prefer leaving another number of email?",
    "language":"%",
                "options": [{
                    "id":"ID_676917468",
                    "text":"Yes, I have another phone (enter phone number)",
    "input-type":"number",
    "language":"Another phone"
                }, {
                    "id":"ID_1008216524",
                    "text":"Yes, I have an email (enter email)",
    "input-type":"text",
    "language":"Another email"
                }, {
                    "id":"ID_1403014719",
                    "text":"Other form of communication (enter text)",
    "input-type":"text",
    "language":"Other communication"
                }, {
                    "id":"ID_1231091919",
                    "text":"No ",
    "language":"Does not have any other number"
                }]
            }]
        }, {
            "id":"ID_1381486609",
            "text":"No",
    "language":"Denied Follow-up"
        }]
    }, {
        "id":"ID_1071628725",
        "text":"Follow-up date",
    "display":"Enter Follow-up date (If caller has agreed)",
        "options": [{
            "id":"ID_715674310",
            "text":"[Enter Date]",
    "input-type":"date"
        }]
    }, {
        "id":"ID_351310896",
        "text":"Number of times called helpline",
    "display":"How many times have you called the helpline?",
        "options": [{
            "id":"ID_1625598812",
            "text":"[Enter Number Given]",
    "input-type":"number"
        }]
    }, {
        "id":"ID_1473718833",
        "text":"Felt Supported",
    "display":"Did you feel supported by the helpline?- Use a scale of 0-5, where 0= not at all, and 5= yes, completely",
        "options": [{
            "id":"ID_423033503",
            "text":"[Enter between 0-5]",
    "input-type":"number"
        }]
    }, {
        "id":"ID_1188055859",
        "text":"Recommend to friends and family",
    "display":"How likely are you to recommend Vikalp Helpline to a friend or family member who needs similar support?- Use a scale of 0-5, where 0= not at all, and 5= yes, completely",
        "options": [{
            "id":"ID_1613963786",
            "text":"[Enter between 0-5]",
    "input-type":"number"
        }]
    }, {
        "id":"ID_1889475483",
        "text":"Recommendation by Caller",
    "display":"Is there anything you would recommend in order to improve the support you received?",
        "options": [{
            "id":"ID_1643838677",
            "text":"[Describe]",
    "input-type":"text"
        }]
    }]
}