{
    "id": "ID_1958958495",
    "text": "Case closed - domestic violence",
    "options": [
        {
            "id": "ID_313062760",
            "text": "Did you speak with the survivor themselves",
            "options": [
                {
                    "id": "ID_1251891942",
                    "text": "Yes",
                    "display-hi": "हां"
                },
                {
                    "id": "ID_1254543444",
                    "text": "No",
                    "display-hi": "नहीं"
                }
            ],
            "display-hi": "क्या आपने खुद महिला से बात की"
        },
        {
            "id": "ID_942189720",
            "text": "Reason for closing the case",
            "options": [
                {
                    "id": "ID_727841858",
                    "text": "[Enter Details]",
                    "input-type": "text",
                    "display-hi": "[जानकारी एंटर करें]"
                }
            ],
            "display-hi": "केस को बंद करने का कारण"
        },
        {
            "id": "ID_532863289",
            "text": "Any additional information",
            "options": [
                {
                    "id": "ID_170696888",
                    "text": "[Enter Details]",
                    "input-type": "text",
                    "display-hi": "[जानकारी एंटर करें]"
                }
            ],
            "display-hi": "कोई अतिरिक्त जानकारी"
        }
    ],
    "display-hi": "केस बंद- घरेलू हिंसा"
}