{
    "id": "ID_1616619938",
    "text": "Domestic Violence",
    "perform-physical-exam": "Documents:Documents list;",
    "options": [
        {
            "id": "ID_267095578",
            "text": "What is the problem? Give description",
            "language": "%",
            "options": [
                {
                    "id": "ID_949513875",
                    "text": "Problem with husband",
                    "input-type": "text",
                    "language": "Caller has a problem with her husband",
                    "display-hi": "पति के साथ समस्या"
                },
                {
                    "id": "ID_1351799694",
                    "text": "Problem with in-laws",
                    "input-type": "text",
                    "language": "Caller has a problem with her in-laws",
                    "display-hi": "ससुराल वालों के साथ समस्या"
                },
                {
                    "id": "ID_21600180",
                    "text": "Problem with partner",
                    "input-type": "text",
                    "language": "Caller has a problem with her partner",
                    "display-hi": "साथी के साथ समस्या"
                },
                {
                    "id": "ID_1373565015",
                    "text": "Workplace harassment",
                    "input-type": "text",
                    "language": "Caller is a survivor of workplace harassment",
                    "display-hi": "कार्यस्थल पर उत्पीड़न"
                },
                {
                    "id": "ID_762672440",
                    "text": "Child marriage ",
                    "input-type": "text",
                    "language": "Caller is in a child marriage",
                    "display-hi": "बाल विवाह"
                },
                {
                    "id": "ID_1290268795",
                    "text": "Domestic violence ",
                    "input-type": "text",
                    "language": "Caller is survivor of domestic violence",
                    "display-hi": "घरेलू हिंसा"
                },
                {
                    "id": "ID_1005617731",
                    "text": "Sexual violence ",
                    "input-type": "text",
                    "language": "Caller is a survivor of sexual violence",
                    "display-hi": "यौन हिंसा"
                },
                {
                    "id": "ID_1533576891",
                    "text": "Problem with parent ",
                    "input-type": "text",
                    "language": "Caller has a problem with parent/parents.",
                    "display-hi": "माता-पिता के साथ समस्या"
                },
                {
                    "id": "ID_984095333",
                    "text": "Problem with sibling ",
                    "input-type": "text",
                    "language": "Caller has a problem with sibling",
                    "display-hi": "भाई-बहन के साथ समस्या"
                },
                {
                    "id": "ID_162048021",
                    "text": "Other (please specify) ",
                    "input-type": "text",
                    "language": "%",
                    "display-hi": "अन्य (कृपया बताएं)"
                },
                {
                    "id": "ID_1462816259",
                    "text": "Prefer not to say ",
                    "language": "Caller does not want to tell the problem",
                    "display-hi": "बताना नहीं चाहते हैं"
                }
            ],
            "display-hi": "समस्या क्या है? इसके बारे में जानकारी दें"
        },
        {
            "id": "ID_1790881388",
            "text": "Type of violence",
            "display": "What type of violence have you been dealing with?",
            "options": [
                {
                    "id": "ID_735935812",
                    "text": "Verbal and emotional abuse, threats, causing mental distress",
                    "display": "Are you a dealing with any of the following verbal and emotional abuse, threats, causing mental distress?",
                    "options": [
                        {
                            "id": "ID_346113696",
                            "text": "Accusation/aspersion on your character or conduct, etc",
                            "language": "There were accusation/aspersion on her character or conduct etc.",
                            "display-hi": "आपके चरित्र या आचरण आदि पर आरोप/दोष लगाना"
                        },
                        {
                            "id": "ID_991653239",
                            "text": "Insult for not brining dowry, etc.",
                            "language": "She is being insulted for not brining dowry etc.",
                            "display-hi": "दहेज आदि न लाने पर बेइज्जती करना"
                        },
                        {
                            "id": "ID_678977293",
                            "text": "Insult for not having a male child",
                            "language": "She is being insulted for not having a male child",
                            "display-hi": "लड़का पैदा न होने के कारण बेइज्जती करना"
                        },
                        {
                            "id": "ID_130766196",
                            "text": "Insult for not having any child",
                            "language": "She is being insulted for not having any child",
                            "display-hi": "संतान न होने के कारण बेइज्जती करना"
                        },
                        {
                            "id": "ID_48490529",
                            "text": " Demeaning, humiliating or undermining remarks/statement",
                            "language": "She is being Demeaned, humiliated or undermined remarks/statement are made to her",
                            "display-hi": "कमेंट करना/बातें सुनाकर नीचा दिखाना, अपमानित करना या कम आंकना"
                        },
                        {
                            "id": "ID_678459200",
                            "text": " Ridicule",
                            "language": "She is being ridiculed",
                            "display-hi": "हंसी उड़ाना"
                        },
                        {
                            "id": "ID_696645911",
                            "text": "Name calling",
                            "language": "She is being named called",
                            "display-hi": "बुरी बातें बोलना "
                        },
                        {
                            "id": "ID_1469275605",
                            "text": "Forcing you to not attend school, college or any other educational institution",
                            "language": "She is being forced to not attend school, college or any other educational institution",
                            "display-hi": "आपको स्कूल, कॉलेज या किसी अन्य शैक्षणिक संस्थान में न जाने के लिए मजबूर करना"
                        },
                        {
                            "id": "ID_1388329246",
                            "text": "Preventing you from taking up a job",
                            "language": "She is being prevented from taking up a job",
                            "display-hi": "आपको नौकरी करने से रोकना"
                        },
                        {
                            "id": "ID_1294806185",
                            "text": "Preventing you from leaving the house",
                            "language": "She is being prevented from leaving the house",
                            "display-hi": "आपको घर से बाहर निकलने से रोकना"
                        },
                        {
                            "id": "ID_438119912",
                            "text": "Preventing you from meeting any particular person",
                            "language": "She is prevented from meeting some particular person",
                            "display-hi": "आपको किसी खास व्यक्ति से मिलने से रोकना"
                        },
                        {
                            "id": "ID_1943498696",
                            "text": "Forcing you to get married against your will",
                            "language": "She is being forced to get married against her will",
                            "display-hi": "आपको अपनी मर्जी के खिलाफ शादी करने के लिए मजबूर करना"
                        },
                        {
                            "id": "ID_437604644",
                            "text": "Preventing you from marrying a person of your choice ",
                            "language": "She is being prevented from marrying a person of her choice ",
                            "display-hi": "आपको अपनी पसंद के व्यक्ति से शादी न करने देना"
                        },
                        {
                            "id": "ID_1585979231",
                            "text": "Forcing you to marry a person of his/their own choice ",
                            "language": "She is being forced you to marry a person of someone else’s choice",
                            "display-hi": "आपको उनकी पसंद के व्यक्ति से शादी करने के लिए मजबूर करना"
                        },
                        {
                            "id": "ID_105160727",
                            "text": "Any other verbal or emotional abuse (please specify)",
                            "input-type": "text",
                            "display-hi": "कोई अन्य मौखिक या भावनात्मक दुर्व्यवहार (कृपया बताएं)"
                        }
                    ],
                    "display-hi": "क्या आपको इनमें से किसी भी मौखिक और भावनात्मक दुर्व्यवहार, धमकियों के कारण मानसिक कष्ट हो रहा है?"
                },
                {
                    "id": "ID_1819051527",
                    "text": "Physical abuse, violence, murder attempt",
                    "display": "Are you dealing with any physical abuse, violence, murder attempt?",
                    "options": [
                        {
                            "id": "ID_155000841",
                            "text": "Yes",
                            "display-hi": "हां"
                        },
                        {
                            "id": "ID_139503211",
                            "text": "No",
                            "display-hi": "नहीं"
                        }
                    ],
                    "display-hi": "क्या आप किसी शारीरिक शोषण, हिंसा, हत्या करने की कोशिश का सामना कर रहे हैं?"
                },
                {
                    "id": "ID_1130815195",
                    "text": "Dowry-related harassment",
                    "language": "Demands for Dowry made are",
                    "display": "Are you dealing with any harrassment related to dowry?",
                    "options": [
                        {
                            "id": "ID_1946432703",
                            "text": "Demands for dowry made (please specify)",
                            "input-type": "text",
                            "display-hi": "दहेज की मांग की गई है (कृपया बताएं)"
                        },
                        {
                            "id": "ID_1231103183",
                            "text": "Any other detail with regard to dowry (please specify) ",
                            "input-type": "text",
                            "display-hi": "दहेज के बारे में कोई अन्य विवरण (कृपया बताएं)"
                        }
                    ],
                    "display-hi": "क्या आपके साथ कोई दहेज संबंधित उत्पीड़न हो रहा है?"
                },
                {
                    "id": "ID_1133502762",
                    "text": "Sexual violence",
                    "display": "Are you dealing with any of the following sexual violence?",
                    "options": [
                        {
                            "id": "ID_314471219",
                            "text": "Molestation and verbal harassment",
                            "language": "She is a survivor of molestation and verbal harassment",
                            "display-hi": "छेड़छाड़ और गाली-गलौज की बात करें"
                        },
                        {
                            "id": "ID_1980709332",
                            "text": "Rape/forced sexual intercourse",
                            "language": "She is a survivor of rape/forced sexual intercourse",
                            "display-hi": "बलात्कार/जबरन संभोग"
                        },
                        {
                            "id": "ID_961730577",
                            "text": "Sexual harassment at workplace",
                            "language": "She is a survivor of sexual harassment at workplace",
                            "display-hi": "कार्यस्थल पर यौन उत्पीड़न"
                        },
                        {
                            "id": "ID_1539943965",
                            "text": "Forced to watch pornography or other obscene material",
                            "language": "She is forced to watch pornography or other obscene material",
                            "display-hi": "अश्लील साहित्य या अन्य अश्लील सामग्री देखने के लिए मजबूर करना"
                        },
                        {
                            "id": "ID_368695489",
                            "text": "Forcibly using you to entertain others",
                            "language": "She is being forced to entertain others ",
                            "display-hi": "दूसरों का मनोरंजन करने के लिए आपका जबरन इस्तेमाल करना"
                        },
                        {
                            "id": "ID_337834094",
                            "text": "Any other act of sexual nature, abusing, humiliating, degrading, or otherwise violative of your dignity (please specify)",
                            "input-type": "text",
                            "display-hi": "यौन प्रकृति का कोई अन्य कार्य, गाली देना, अपमानित करना, अपमानित करना, या अन्यथा आपकी गरिमा का उल्लंघन करना (कृपया निर्दिष्ट करें)"
                        }
                    ],
                    "display-hi": "यौन हिंसा"   
                },
                {
                    "id": "ID_51450934",
                    "text": "Economic/administrative/judicial violence ",
                    "display": "Are you dealing with any of the following economic/administrative/judicial violence?",
                    "options": [
                        {
                            "id": "ID_1762926415",
                            "text": "Not providing money for maintaining you or your children",
                            "language": "She is not given money for maintaining her and her children",
                            "display-hi": "आपके या आपके बच्चों के भरण-पोषण के लिए पैसे न देना"
                        },
                        {
                            "id": "ID_1325016551",
                            "text": "Not providing food, clothes, medicine, etc., for you or your children",
                            "language": "She is not provided with food, clothes, medicine, etc., for her and her children",
                            "display-hi": "आपके या आपके बच्चों के लिए भोजन, कपड़े, दवा आदि न देना"
                        },
                        {
                            "id": "ID_1637959026",
                            "text": "Forcing you out of the house you live in",
                            "language": "She is being forced out her out of the house where they live in",
                            "display-hi": "आप जिस घर में रहते हैं, उससे आपको जबरदस्ती बाहर निकालना"
                        },
                        {
                            "id": "ID_226860101",
                            "text": "Preventing you from accessing or using any part of the house",
                            "language": "She is being prevented  from accessing or using any part of the house",
                            "display-hi": "आपको घर के किसी भी हिस्से में जाने या उसका इस्तेमाल करने से रोकना"
                        },
                        {
                            "id": "ID_1016388324",
                            "text": "Preventing or obstructing you from carrying on your employment",
                            "language": "She is being prevented  or obstructed  from carrying her employment",
                            "display-hi": "आपको अपनी नौकरी करने से मना करना या ऐसा करने से रोकना"
                        },
                        {
                            "id": "ID_430119682",
                            "text": "Not allowing you to take up an employment",
                            "language": "She is not allowed to take up an employment ",
                            "display-hi": "आपको नौकरी करने की अनुमति न देना"
                        },
                        {
                            "id": "ID_715202985",
                            "text": "Non-payment of rent in case of a rented accommodation",
                            "language": "Her rent is not payed in the rented accommodation she stays in",
                            "display-hi": "किराए के मकान  में किराए न देना"
                        },
                        {
                            "id": "ID_1948212199",
                            "text": "Not allowing you to use clothes or articles of general household use",
                            "language": "She is not allowed to use clothes or articles of general household use",
                            "display-hi": "आपको कपड़े या घरेलू उपयोग की सामान्य वस्तुओं का इस्तेमाल न करने देना"
                        },
                        {
                            "id": "ID_1338835306",
                            "text": "Selling or pawning your stridhan or any other valuables without informing you and without your consent ",
                            "language": "They are selling or pawning her stridhan and any other valuables without informing her and her without permission",
                            "display-hi": "आपको बताए बिना और आपकी सहमति के बिना आपके स्त्रीधन या किसी अन्य कीमती सामान को बेचना या गिरवी रखना"
                        },
                        {
                            "id": "ID_1060507779",
                            "text": "Forcibly taking away your salary, income or wages etc",
                            "language": "They are forcibly taking away her salary, income or wages etc",
                            "display-hi": "आपका वेतन, आय या मेहनताने आदि को जबरदस्ती ले लेना"
                        },
                        {
                            "id": "ID_117795384",
                            "text": "Disposing your stridhan",
                            "language": "They are disposing off her stridhan",
                            "display-hi": "स्त्रीधन को निपटना"
                        },
                        {
                            "id": "ID_1396125617",
                            "text": "Non payment of other bills such as electricity, etc",
                            "language": "There is a situation of non payment of other bills such as electricity, etc",
                            "display-hi": "बिजली जैसे अन्य बिलों का भुगतान न करना"
                        },
                        {
                            "id": "ID_972066612",
                            "text": "Any other economic violence (please specify)",
                            "input-type": "text",
                            "display-hi": "कोई अन्य आर्थिक हिंसा (कृपया बताएं)"
                        }
                    ],
                    "display-hi": "क्या आपके साथ इनमें से कोई आर्थिक/प्रशासनिक/न्यायिक हिंसा हो रही है?"
                },
                {
                    "id": "ID_1977046367",
                    "text": "Other (please specify)",
                    "input-type": "text",
                    "language": "%",
                    "display-hi": "अन्य (कृपया बताएं)"
                },
                {
                    "id": "ID_1020676144",
                    "text": "Prefer not to say ",
                    "language": "She does not want to say anything",
                    "display-hi": "बताना नहीं चाहते हैं"
                }
            ],
            "display-hi": "आपके साथ किस तरह की हिंसा हो रही है?"
        },
        {
            "id": "ID_184069505",
            "text": "For how many months has violence been happening?",
            "language": "The violence has been happening for the following number of the days:",
            "options": [
                {
                    "id": "ID_1361151515",
                    "text": "[Enter Days]",
                    "input-type": "number",
                    "language": "%",
                    "display-hi": "[दिन एंटर करें]"
                }
            ],
            "display-hi": "कितने महीनों से हिंसा का सामना कर रही हैं?"
        }
    ],
    "display-hi": "घरेलू हिंसा"
}