{
    "id": "ID_480329671",
    "text": "Follow-up-domestic violence",
    "options": [
        {
            "id": "ID_141512036",
            "text": "Follow-up Type",
            "display": "What type of follow-up is this?",
            "options": [
                {
                    "id": "ID_245259227",
                    "text": "Call",
                    "display-hi": "कॉल किया गया "
                },
                {
                    "id": "ID_435412339",
                    "text": "Home-visit",
                    "display-hi": "होम विज़िट की गई "
                },
                {
                    "id": "ID_1108869984",
                    "text": "Common place visit ",
                    "display-hi": "कॉमन प्लेस विजिट करके फॉलोअप किया गया"
                },
                {
                    "id": "ID_1982749220",
                    "text": "Police Station",
                    "display-hi": "पुलिस स्टेशन के साथ"
                },
                {
                    "id": "ID_1732524618",
                    "text": "Court",
                    "display-hi": "कोर्ट के साथ"
                },
                {
                    "id": "ID_1177871751",
                    "text": "Any other",
                    "input-type": "text",
                    "display-hi": "अन्य कोई "
                }
            ],
            "display-hi": "यह किस प्रकार का फॉलोअप है? "
        },
        {
            "id": "ID_716683072",
            "text": "Meeting",
            "display": "Who are you following up with?Select all applicable.",
            "options": [
                {
                    "id": "ID_557496471",
                    "text": "survivor themselves",
                    "display-hi": "स्वयं महिला"
                },
                {
                    "id": "ID_867061047",
                    "text": "Husband",
                    "display-hi": "पति "
                },
                {
                    "id": "ID_141428430",
                    "text": "In-laws",
                    "display-hi": "ससुराल वाले"
                },
                {
                    "id": "ID_1167011459",
                    "text": "Mother",
                    "display-hi": "माता"
                },
                {
                    "id": "ID_1542407091",
                    "text": "Father",
                    "display-hi": "पिता"
                },
                {
                    "id": "ID_1693064623",
                    "text": "Brother",
                    "display-hi": "भाई"
                },
                {
                    "id": "ID_1961445622",
                    "text": "Any other",
                    "input-type": "text",
                    "languagae": "%",
                    "display-hi": "अन्य कोई"
                }
            ],
            "display-hi": "आप किसका फ़ॉलो-अप ले रहे हैं? जो भी लागू हों उन्हें चुनें।"
        },
        {
            "id": "ID_1724449383",
            "text": "Description",
            "display": "Describe the suitation /conversation",
            "options": [
                {
                    "id": "ID_479612127",
                    "text": "[Enter Detail]",
                    "input-type": "text",
                    "languagae": "%",
                    "display-hi": "[जानकारी एंटर करें]"
                }
            ],
            "display-hi": "स्थिति/बातचीत के बारें में बताएं "
        }
    ],
    "display-hi": "घरेलू हिंसा का फ़ॉलो-अप लें "
}