{
    "id":"ID_6240565",
    "text":"DemoHistory",
    "options": [{
        "id":"ID_1904099269",
        "text":"Condition 1",
    "language":"Condition 1",
        "options": [{
            "id":"ID_1914903189",
            "text":"Text Question",
            "options": [{
                "id":"ID_513205298",
                "text":"Enter text",
    "input-type":"text",
    "language":"Text provided:"
            }]
        }, {
            "id":"ID_1130197874",
            "text":"Choice Question",
            "options": [{
                "id":"ID_529732305",
                "text":"Choice 1",
    "language":"Choice 1"
            }, {
                "id":"ID_1103895595",
                "text":"Choice 2",
    "language":"Choice 2"
            }, {
                "id":"ID_1134268256",
                "text":"Choice 3",
    "language":"Choice 3"
            }]
        }]
    }, {
        "id":"ID_1363940900",
        "text":"Condition 2",
    "language":"Condition 2",
        "options": [{
            "id":"ID_1042003923",
            "text":"Date Question",
            "options": [{
                "id":"ID_1445927414",
                "text":"Enter date",
    "language":"Date chosen:",
    "input-type":"date"
            }]
        }, {
            "id":"ID_747441751",
            "text":"Range Question",
            "options": [{
                "id":"ID_1861480648",
                "text":"Enter range",
    "input-type":"range",
    "language":"Range given is:"
            }]
        }]
    }, {
        "id":"ID_85038540",
        "text":"Condition 3",
    "language":"Condition 3",
        "options": [{
            "id":"ID_155143673",
            "text":"Choice Question",
            "options": [{
                "id":"ID_266707281",
                "text":"Answer 1",
    "language":"Answer 1"
            }, {
                "id":"ID_54894320",
                "text":"Answer 2",
    "language":"Answer 2"
            }, {
                "id":"ID_1204761749",
                "text":"Answer 3",
    "language":"Answer 3"
            }]
        }, {
            "id":"ID_325607053",
            "text":"Area Question",
            "options": [{
                "id":"ID_966893472",
                "text":"Enter an area",
    "input-type":"area",
    "language":"Area given:"
            }]
        }]
    }]
}