{
    "id":"ID_615719509",
    "text":"Demo",
    "options": [{
        "id":"ID_965689198",
        "text":"Complaint 1",
    "perform-physical-exam":"Complaints:One",
        "options": [{
            "id":"ID_178592804",
            "text":"Question 1",
            "options": [{
                "id":"ID_1698824383",
                "text":"Input some text",
    "input-type":"text",
    "language":"Text input:"
            }]
        }, {
            "id":"ID_793803139",
            "text":"Question 2",
            "options": [{
                "id":"ID_227699839",
                "text":"Select a date",
    "input-type":"date",
    "language":"Date selected: _"
            }]
        }, {
            "id":"ID_1758255206",
            "text":"Question 3",
            "options": [{
                "id":"ID_626186604",
                "text":"Input a number",
    "input-type":"number",
    "language":"Number given:"
            }]
        }, {
            "id":"ID_402051960",
            "text":"Question 4",
            "options": [{
                "id":"ID_1375863694",
                "text":"Choose a duration",
    "input-type":"duration",
    "language":"Given duration:"
            }]
        }, {
            "id":"ID_847107016",
            "text":"Question 5",
            "options": [{
                "id":"ID_1430692722",
                "text":"Provide an area",
    "input-type":"area",
    "language":"Area:"
            }]
        }, {
            "id":"ID_1232304987",
            "text":"Question 6",
            "options": [{
                "id":"ID_1249447460",
                "text":"Give a range",
    "input-type":"range",
    "language":"Range given:"
            }]
        }, {
            "id":"ID_1519311486",
            "text":"Question 7",
            "options": [{
                "id":"ID_913321009",
                "text":"Choose a frequency",
    "input-type":"frequency",
    "language":"Frequency given:"
            }]
        }, {
            "id":"ID_295343984",
            "text":"Question 8",
            "options": [{
                "id":"ID_1314197539",
                "text":"Choice 1",
    "language":"Choice 1 was chosen."
            }, {
                "id":"ID_1630438248",
                "text":"Choice 2",
    "language":"Choice 2 was chosen."
            }, {
                "id":"ID_1284094945",
                "text":"Choice 3",
    "language":"Choice 3 was chosen."
            }]
        }]
    }, {
        "id":"ID_783586077",
        "text":"Complaint 2",
    "perform-physical-exam":"Complaints:Two",
        "options": [{
            "id":"ID_26716972",
            "text":"Question 1",
            "options": [{
                "id":"ID_601869965",
                "text":"Input some text",
    "input-type":"text",
    "language":"Text input:"
            }]
        }, {
            "id":"ID_963044740",
            "text":"Question 2",
            "options": [{
                "id":"ID_115113266",
                "text":"Select a date",
    "input-type":"date",
    "language":"Date selected: _"
            }]
        }, {
            "id":"ID_314278331",
            "text":"Question 3",
            "options": [{
                "id":"ID_1368448993",
                "text":"Input a number",
    "input-type":"number",
    "language":"Number given:"
            }]
        }, {
            "id":"ID_1309883097",
            "text":"Question 4",
            "options": [{
                "id":"ID_72164202",
                "text":"Choose a duration",
    "input-type":"duration",
    "language":"Given duration:"
            }]
        }, {
            "id":"ID_240679025",
            "text":"Question 5",
            "options": [{
                "id":"ID_1056634745",
                "text":"Provide an area",
    "input-type":"area",
    "language":"Area:"
            }]
        }, {
            "id":"ID_756158544",
            "text":"Question 6",
            "options": [{
                "id":"ID_316334293",
                "text":"Give a range",
    "input-type":"range",
    "language":"Range given:"
            }]
        }, {
            "id":"ID_1904105084",
            "text":"Question 7",
            "options": [{
                "id":"ID_35800734",
                "text":"Choose a frequency",
    "input-type":"frequency",
    "language":"Frequency given:"
            }]
        }, {
            "id":"ID_820238802",
            "text":"Question 8",
            "options": [{
                "id":"ID_711665377",
                "text":"Choice 1",
    "language":"Choice 1 was chosen."
            }, {
                "id":"ID_756059783",
                "text":"Choice 2",
    "language":"Choice 2 was chosen."
            }, {
                "id":"ID_599279645",
                "text":"Choice 3",
    "language":"Choice 3 was chosen."
            }]
        }]
    }, {
        "id":"ID_1974324536",
        "text":"Complaint 3",
    "perform-physical-exam":"Complaints:Three",
        "options": [{
            "id":"ID_1228648666",
            "text":"Question 1",
            "options": [{
                "id":"ID_101583486",
                "text":"Input some text",
    "input-type":"text",
    "language":"Text input:"
            }]
        }, {
            "id":"ID_1826232609",
            "text":"Question 2",
            "options": [{
                "id":"ID_65981827",
                "text":"Select a date",
    "input-type":"date",
    "language":"Date selected: _"
            }]
        }, {
            "id":"ID_910579431",
            "text":"Question 3",
            "options": [{
                "id":"ID_446946722",
                "text":"Input a number",
    "input-type":"number",
    "language":"Number given:"
            }]
        }, {
            "id":"ID_574813587",
            "text":"Question 4",
            "options": [{
                "id":"ID_567852732",
                "text":"Choose a duration",
    "input-type":"duration",
    "language":"Given duration:"
            }]
        }, {
            "id":"ID_1239256291",
            "text":"Question 5",
            "options": [{
                "id":"ID_558430406",
                "text":"Provide an area",
    "input-type":"area",
    "language":"Area:"
            }]
        }, {
            "id":"ID_423480142",
            "text":"Question 6",
            "options": [{
                "id":"ID_1115844123",
                "text":"Give a range",
    "input-type":"range",
    "language":"Range given:"
            }]
        }, {
            "id":"ID_241484013",
            "text":"Question 7",
            "options": [{
                "id":"ID_496711583",
                "text":"Choose a frequency",
    "input-type":"frequency",
    "language":"Frequency given:"
            }]
        }, {
            "id":"ID_952181911",
            "text":"Question 8",
            "options": [{
                "id":"ID_1598161919",
                "text":"Choice 1",
    "language":"Choice 1 was chosen."
            }, {
                "id":"ID_1815363027",
                "text":"Choice 2",
    "language":"Choice 2 was chosen."
            }, {
                "id":"ID_1244193686",
                "text":"Choice 3",
    "language":"Choice 3 was chosen."
            }]
        }]
    }]
}