{
    "id":"ID_308557817",
    "text":"DemoFamily",
    "options": [{
        "id":"ID_637953749",
        "text":"Relation 1",
    "language":"Relation 1 has",
        "options": [{
            "id":"ID_384749641",
            "text":"Attribute 1",
    "language":"Attribute 1"
        }, {
            "id":"ID_113669666",
            "text":"Attribute 2",
    "language":"Attribute 2"
        }, {
            "id":"ID_1428386238",
            "text":"Attribute 3",
    "language":"Attribute 3"
        }]
    }, {
        "id":"ID_416122879",
        "text":"Relation 2",
    "language":"Relation 2 has",
        "options": [{
            "id":"ID_1208482892",
            "text":"Attribute 1",
    "language":"Attribute 1"
        }, {
            "id":"ID_628198781",
            "text":"Attribute 2",
    "language":"Attribute 2"
        }, {
            "id":"ID_348311611",
            "text":"Attribute 3",
    "language":"Attribute 3"
        }]
    }, {
        "id":"ID_229326758",
        "text":"Relation 3",
    "language":"Relation 3 has",
        "options": [{
            "id":"ID_831464009",
            "text":"Attribute 1",
    "language":"Attribute 1"
        }, {
            "id":"ID_1066927452",
            "text":"Attribute 2",
    "language":"Attribute 2"
        }, {
            "id":"ID_1944437384",
            "text":"Attribute 3",
    "language":"Attribute 3"
        }]
    }, {
        "id":"ID_545266768",
        "text":"Other (Enter relation)",
    "input-type":"text",
    "language":"_ has",
        "options": [{
            "id":"ID_466407688",
            "text":"Attribute 1",
    "language":"Attribute 1"
        }, {
            "id":"ID_120204559",
            "text":"Attribute 2",
    "language":"Attribute 2"
        }, {
            "id":"ID_390215784",
            "text":"Attribute 3",
    "language":"Attribute 3"
        }]
    }]
}