{
    "id":"ID_1475908470",
    "text":"DemoPhysical",
    "options": [{
        "id":"ID_266686118",
        "text":"General",
    "language":"General",
        "options": [{
            "id":"ID_314993160",
            "text":"Demo",
            "options": [{
                "id":"ID_1837154103",
                "text":"This is a demo physical exam. Do you understand?",
                "options": [{
                    "id":"ID_1651277280",
                    "text":"Yes",
    "language":"understands general exams"
                }, {
                    "id":"ID_1980761581",
                    "text":"No",
    "language":"does not understand general exams"
                }]
            }]
        }]
    }, {
        "id":"ID_733917793",
        "text":"Complaints",
    "language":"Complaint",
        "options": [{
            "id":"ID_994229332",
            "text":"One",
            "options": [{
                "id":"ID_1875752616",
                "text":"This is the exam for Complaint One. Do you understand?",
    "job-aid-type":"image",
    "job-aid-file":"JA1",
                "options": [{
                    "id":"ID_1657951348",
                    "text":"Yes",
    "language":"understands physical exam 1"
                }, {
                    "id":"ID_1294811275",
                    "text":"No",
    "language":"does not understand physical exam 1"
                }]
            }]
        }, {
            "id":"ID_1994053563",
            "text":"Two",
            "options": [{
                "id":"ID_3321922",
                "text":"This is the exam for Complaint Two. Do you understand?",
    "job-aid-type":"image",
    "job-aid-file":"JA2",
                "options": [{
                    "id":"ID_71715454",
                    "text":"Yes",
    "language":"understands physical exam 2"
                }, {
                    "id":"ID_312373350",
                    "text":"No",
    "language":"understands physical exam 1"
                }]
            }]
        }, {
            "id":"ID_633130025",
            "text":"Three",
            "options": [{
                "id":"ID_869848347",
                "text":"This is the exam for Complaint Three. Do you understand?",
    "job-aid-type":"image",
    "job-aid-file":"JA3",
                "options": [{
                    "id":"ID_1885227529",
                    "text":"Yes",
    "language":"does not understand physical exam 1"
                }, {
                    "id":"ID_1486744214",
                    "text":"No",
    "language":"does not understand physical exam 3"
                }]
            }]
        }]
    }]
}