{
   "id":"ID_211456448",
   "text":"Family History",
   "options":[
      {
         "id":"ID_1961142408",
         "text":"Mother",
         "language":"Mother has",
         "options":[
            {
               "id":"ID_1078855957",
               "text":"High BP",
               "language":"High BP"
            },
            {
               "id":"ID_1138006551",
               "text":"Heart Attack",
               "language":"Heart Attack"
            },
            {
               "id":"ID_923819641",
               "text":"Stroke",
               "language":"Stroke"
            },
            {
               "id":"ID_519272944",
               "text":"Diabetes",
               "language":"Diabetes"
            },
            {
               "id":"ID_1502189405",
               "text":"Asthma",
               "language":"Asthma"
            },
            {
               "id":"ID_1031615963",
               "text":"TB",
               "language":"TB"
            },
            {
               "id":"ID_645572228",
               "text":"Cancer",
               "language":"Cancer"
            },
            {
               "id":"ID_525209857",
               "text":"Other",
               "input-type":"text",
               "language":"_"
            }
         ]
      },
      {
         "id":"ID_415054659",
         "text":"Father",
         "language":"Father has",
         "options":[
            {
               "id":"ID_509935777",
               "text":"High BP",
               "language":"High BP"
            },
            {
               "id":"ID_161375329",
               "text":"Heart Attack",
               "language":"Heart Attack"
            },
            {
               "id":"ID_1693027921",
               "text":"Stroke",
               "language":"Stroke"
            },
            {
               "id":"ID_526673252",
               "text":"Diabetes",
               "language":"Diabetes"
            },
            {
               "id":"ID_140002136",
               "text":"Asthma",
               "language":"Asthma"
            },
            {
               "id":"ID_1927369182",
               "text":"TB",
               "language":"TB"
            },
            {
               "id":"ID_1725322476",
               "text":"Cancer",
               "language":"Cancer"
            },
            {
               "id":"ID_899128938",
               "text":"Other",
               "input-type":"text",
               "language":"_"
            }
         ]
      },
      {
         "id":"ID_639658583",
         "text":"Sister",
         "language":"Sister has",
         "options":[
            {
               "id":"ID_1824312698",
               "text":"High BP",
               "language":"High BP"
            },
            {
               "id":"ID_1241781279",
               "text":"Heart Attack",
               "language":"Heart Attack"
            },
            {
               "id":"ID_406896064",
               "text":"Stroke",
               "language":"Stroke"
            },
            {
               "id":"ID_1886045506",
               "text":"Diabetes",
               "language":"Diabetes"
            },
            {
               "id":"ID_406490446",
               "text":"Asthma",
               "language":"Asthma"
            },
            {
               "id":"ID_899566881",
               "text":"TB",
               "language":"TB"
            },
            {
               "id":"ID_593998069",
               "text":"Cancer",
               "language":"Cancer"
            },
            {
               "id":"ID_1645981150",
               "text":"Other",
               "input-type":"text",
               "language":"_"
            }
         ]
      },
      {
         "id":"ID_828445784",
         "text":"Brother",
         "language":"Brother has",
         "options":[
            {
               "id":"ID_519905874",
               "text":"High BP",
               "language":"High BP"
            },
            {
               "id":"ID_398401720",
               "text":"Heart Attack",
               "language":"Heart Attack"
            },
            {
               "id":"ID_529687294",
               "text":"Stroke",
               "language":"Stroke"
            },
            {
               "id":"ID_1860817140",
               "text":"Diabetes",
               "language":"Diabetes"
            },
            {
               "id":"ID_990006474",
               "text":"Asthma",
               "language":"Asthma"
            },
            {
               "id":"ID_589387231",
               "text":"TB",
               "language":"TB"
            },
            {
               "id":"ID_779166617",
               "text":"Cancer",
               "language":"Cancer"
            },
            {
               "id":"ID_803660217",
               "text":"Other",
               "input-type":"text",
               "language":"_"
            }
         ]
      },
      {
         "id":"ID_606818977",
         "text":"Other [describe relation]",
         "input-type":"text",
         "language":"_ has",
         "options":[
            {
               "id":"ID_77768960",
               "text":"High BP",
               "language":"High BP"
            },
            {
               "id":"ID_654241076",
               "text":"Heart Attack",
               "language":"Heart Attack"
            },
            {
               "id":"ID_1374240920",
               "text":"Stroke",
               "language":"Stroke"
            },
            {
               "id":"ID_922056025",
               "text":"Diabetes",
               "language":"Diabetes"
            },
            {
               "id":"ID_985462955",
               "text":"Asthma",
               "language":"Asthma"
            },
            {
               "id":"ID_1915700018",
               "text":"TB",
               "language":"TB"
            },
            {
               "id":"ID_197896610",
               "text":"Cancer",
               "language":"Cancer"
            },
            {
               "id":"ID_1129704655",
               "text":"Other",
               "input-type":"text",
               "language":"_"
            }
         ]
      }
   ]
}
