{
  "id":"3bdlnqpm78un86npauhh5oobq5",
  "text":"Patient History",
  "options":[
    {
      "id":"553uunvdc4uq9oe860n2mtbd62",
      "text":"High Blood Pressure",
      "language":"High Blood Pressure",
      "options":[
        {
          "id":"4gnb2kln9nvarkf1hn54iih13b",
          "text":"When were you diagnosed?",
          "options":[
            {
              "id":"722bllvp1dgavmfab93ofakni0",
              "text":"[please enter date]",
              "input-type":"date",
              "language":"Diagnosed _"
            }
          ]
        },
        {
          "id":"4a9u8ikqmufunamush41pvqpfo",
          "text":"Current medication?",
          "options":[
            {
              "id":"19hp724di3b56250dcblme20kj",
              "text":"[Touch to Enter]",
              "input-type":"text",
              "language":"medication _"
            }
          ]
        }
      ]
    },
    {
      "id":"2t624p0ss7caug21hd4efumj4n",
      "text":"Heart Attack",
      "language":"Heart Attack",
      "options":[
        {
          "id":"4iskc9bm4pt9rqalhmfb21nupm",
          "text":"When did it occur?",
          "options":[
            {
              "id":"0fq5omh0fjmcot6v89tmmujs45",
              "text":"[please enter date]",
              "input-type":"date",
              "language":"occured _"
            }
          ]
        },
        {
          "id":"5f1pjn5mukmjrsvfnkp24nlq0q",
          "text":"How was it treated?",
          "language":"treated with",
          "options":[
            {
              "id":"1rsrtassckdufd1v66g679huai",
              "text":"Surgery",
              "language":"surgery"
            },
            {
              "id":"3ih5vrd5crs57nrsfnsl9arcot",
              "text":"Angioplasty",
              "language":"angioplasty"
            },
            {
              "id":"6g0frvbl14quckj6e0i2hcc7e1",
              "text":"Medical",
              "language":"medication"
            }
          ]
        }
      ]
    },
    {
      "id":"52dkambh5lhqmlg9bkghn1gicb",
      "text":"Stroke",
      "language":"Stroke",
      "options":[
        {
          "id":"1gps0m52c3c5fjbljmqqftftln",
          "text":"When did it occur?",
          "options":[
            {
              "id":"22g6vcr2rdrvpuhoc26tjuhvns",
              "text":"[please enter date]",
              "input-type":"date",
              "language":"occured _"
            }
          ]
        },
        {
          "id":"1pum3u1sjeppl3rpr1k5kufp6p",
          "text":"How was it treated?",
          "language":"treated with",
          "options":[
            {
              "id":"1a011spgkr4ffd6u1n670eeuua",
              "text":"Surgical",
              "language":"surgery"
            },
            {
              "id":"364qu68ig3do3hjkoev0jr9oi8",
              "text":"Medical",
              "language":"medication"
            }
          ]
        },
        {
          "id":"434vqken8fgblos16edgu6c0i4",
          "text":"Current medication?",
          "options":[
            {
              "id":"7vpne3o29utec69f4mbp25cp44",
              "text":"[Touch to Enter]",
              "input-type":"text",
              "language":"medication _"
            }
          ]
        }
      ]
    },
    {
      "id":"62id4878o7nteih18eiup3j92c",
      "text":"Diabetes",
      "language":"Diabetes",
      "options":[
        {
          "id":"52bvud72kt13igfoauucsubnuv",
          "text":"How long?",
          "options":[
            {
              "id":"0r58t06knedb1g0ubh0a52uqjv",
              "text":"[please enter duration]",
              "input-type":"duration",
              "language":"since _"
            }
          ]
        },
        {
          "id":"39l0n5lptnp4gppk7hv7kj6aam",
          "text":"Current medications?",
          "options":[
            {
              "id":"68lco1vj8100ld19jflbl9fc1s",
              "text":"[Touch to Enter]",
              "input-type":"text",
              "language":"medications _"
            }
          ]
        },
        {
          "id":"25b4es720c3ehote8hv9824tck",
          "text":"Last measured Blood Sugar and HbA1C",
          "options":[
            {
              "id":"3paqfotome2ci0nfgc79hsc2a2",
              "text":"[Touch to Answer]",
              "input-type":"text",
              "language":"Last measured Blood Sugar and HbA1C"
            }
          ]
        }
      ]
    },
    {
      "id":"38l21icefr40paikr5t8n4s46r",
      "text":"TB",
      "language":"TB",
      "options":[
        {
          "id":"3jmi6o1b9gdi2r22039pbtq73b",
          "text":"When were you diagnosed?",
          "options":[
            {
              "id":"1nu7cbm8ffc189r0o43bvqpv5i",
              "text":"[please enter date]",
              "input-type":"text",
              "language":"diagosed"
            }
          ]
        },
        {
          "id":"6q6oio9kdl9qm1ng0pnaa4t32g",
          "text":"Current medication?",
          "options":[
            {
              "id":"1grbt54tt3su55qqfdbnmhr1vu",
              "text":"[Touch to Enter]",
              "input-type":"text",
              "language":"medication _"
            }
          ]
        }
      ]
    },
    {
      "id":"50rcn4m78a1baik3sm5b4solsf",
      "text":"Cancer",
      "language":"Cancer",
      "options":[
        {
          "id":"298qqcg8l1959fc600los5tsgv",
          "text":"When were you diagnosed?",
          "options":[
            {
              "id":"2liiivrht7mru1n1eo9a18hq87",
              "text":"[please enter date]",
              "input-type":"date",
              "language":"diagnosed _"
            }
          ]
        },
        {
          "id":"29g71jdpm9inoi405khm7ngebd",
          "text":"Current medication?",
          "options":[
            {
              "id":"29j616481s7u882v4j89keq76i",
              "text":"[Touch to Enter]",
              "input-type":"text",
              "language":"medication _"
            }
          ]
        }
      ]
    },
    {
      "id":"5b04qcal4vufiuiughhpt03qi2",
      "text":"Operation",
      "language":"Operation",
      "options":[
        {
          "id":"6n6qdfi3hnt49qrrscul658kfl",
          "text":"Where was the operation?",
          "options":[
            {
              "id":"0gfqoo018929uap939vu824kub",
              "text":"Head (Eyes/Ears/Nose/Mouth)",
              "language":"Head (Eyes/Ears/Nose/Mouth)"
            },
            {
              "id":"03nejfqipjq4c23mnt1qbldubo",
              "text":"Neck",
              "language":"Neck"
            },
            {
              "id":"1nfbsi9tkga3kdbv76g5g30lsa",
              "text":"Chest (Heart/Lung/Breast)",
              "language":"Chest (Heart/Lung/Breast)"
            },
            {
              "id":"6kn2b76huhl9u3bu43prloda3t",
              "text":"Abdomen (Stomach/Liver/Bile/Kidney/Colon)",
              "language":"Abdomen (Stomach/Liver/Bile/Kidney/Colon)"
            },
            {
              "id":"3ponp65pt9bq34bdeq8gfgs25m",
              "text":"Back/Spine",
              "language":"Back/Spine"
            },
            {
              "id":"2crafqisr99g2t85728nmpda9s",
              "text":"Hip",
              "language":"Hip"
            },
            {
              "id":"2hojliuelejcmv1m1ki2qardfl",
              "text":"Arms (Elbows/Wrist)",
              "language":"Arms (Elbows/Wrist)"
            },
            {
              "id":"7v5fg9qha5ftfpocc5p3j3llin",
              "text":"Legs (Knees/Feet)",
              "language":"Legs (Knees/Feet)"
            },
            {
              "id":"0gaej2j5rll5ts1o3f8nm0iml4",
              "text":"Prostate",
              "language":"Prostate"
            },
            {
              "id":"4obc47pd9rkcp60ae9hh3lljvr",
              "text":"C-Section",
              "language":"C-Section"
            },
            {
              "id":"2pdjbliq1pbkvh1vjcffrtsku6",
              "text":"Hysterectomy",
              "language":"Hysterectomy"
            }
          ]
        }
      ]
    },
    {
      "id":"533u2k4n4971j34dcvljkv53up",
      "text":"Accident",
      "language":"Accident",
      "options":[
        {
          "id":"46qus71qdist5inkiv8ijrn23q",
          "text":"When did it occur?",
          "options":[
            {
              "id":"5rquuf5pqfbi7umhsfogtesoi9",
              "text":"[please enter date]",
              "input-type":"date",
              "language":"occured _"
            }
          ]
        }
      ]
    },
    {
      "id":"6f3rb25rb5q5jvgffdv2jvr8rv",
      "text":"Asthma",
      "language":"Asthma",
      "options":[
        {
          "id":"5pfes9hp1doarh3po65p9gnp8f",
          "text":"When were you diagnosed?",
          "options":[
            {
              "id":"4dj44laf16po3i50rl7kbukl33",
              "text":"[please enter date]",
              "input-type":"date",
              "language":"since _"
            }
          ]
        },
        {
          "id":"5cf7m5ucl02im0r85u72np59fl",
          "text":"Current medication?",
          "options":[
            {
              "id":"6icviemqcf7s2f1g86dsq2rgma",
              "text":"[Touch to Enter]",
              "input-type":"text",
              "language":"medication _"
            }
          ]
        }
      ]
    },
    {
      "id":"ID_462111765",
      "text":"Habits",
      "language":"Habits",
      "options":[
        {
          "id":"ID_708083398",
          "text":"Smoking",
          "language":"Smoking"
        },
        {
          "id":"ID_1963387849",
          "text":"Alcohol",
          "language":"Consumes alcohol"
        }
      ]
    },
    {
      "id":"ID_55010176",
      "text":"Previous Reports",
      "language":"Previous Reports",
      "options": [
        {
        "id":"ID_1617135964",
        "text":"Take a picture",
          "options":[
            {
              "id":"ID_1617135676",
              "text":"[please take a picture]",
              "input-type":"camera"
            }
          ]
      }]

    }
  ]
}