{
    "id":"476q4jppos6tg7t3qug97udg17",
    "text":"Physical Exam",
    "options": [{
        "id":"7hrmfqn0krat7sjobfh9rjr5i0",
        "text":"General exams",
    "language":"General Exams:",
        "options": [{
            "id":"0blae61v5pgt9hcv3fni2ad6nd",
            "text":"Eyes: Jaundice",
            "options": [{
                "id":"5saf8na9hgasnsda8khh7jgqdm",
                "text":"Is there jaundice?",
    "job-aid-type":"image",
    "job-aid-file":"jaundiceexample",
                "options": [{
                    "id":"0tniotfjt5upifs5ndt3grbstg",
                    "text":"Yes",
    "language":"Jaundice: Yes"
                }, {
                    "id":"3gnt6celojtod43p771dq8ivr0",
                    "text":"No",
    "language":"Jaundice: No"
                }]
            }]
        }, {
            "id":"ID_415887386",
            "text":"Eyes: Pallor",
            "options": [{
                "id":"3lntlnfs0va65rqdo136utmfmf",
                "text":"Is there pallor?",
    "job-aid-type":"video",
    "job-aid-file":"conjunctivaexample",
                "options": [{
                    "id":"7o55cbfvcet2dtkj43ssip5je9",
                    "text":"Pale",
    "language":"pale pallor"
                }, {
                    "id":"2pt0hg68o89t624k0b2ngp16a2",
                    "text":"Normal",
    "language":"normal pallor"
                }]
            }]
        }, {
            "id":"0gfk4826emivm01aoeltg2lrfb",
            "text":"Arm",
            "options": [{
                "id":"6qtsmnaurf40drgsbpf55dbbef",
                "text":"Pinch skin		",
                "options": [{
                    "id":"2ba1sf5pis2bk3lbe6hqjvm13c",
                    "text":"Normal",
    "language":"pinch test normal"
                }, {
                    "id":"0u9urrb01daa0g0u9hi5bc2dr5",
                    "text":"Slow",
    "language":"appears slow on pinch test"
                }]
            }]
        }, {
            "id":"4skk1vd3pgmhh4v0qmt1vff91m",
            "text":"Hands",
            "options": [{
                "id":"5s4jcisk6ipicrd2k55uvef0gg",
                "text":"Is there clubbing or discoloration in the nail?",
    "job-aid-type":"image",
    "job-aid-file":"abnormalnails",
                "options": [{
                    "id":"31mlk01davo6blu1as82mim2u3",
                    "text":"Normal",
    "language":"nails normal"
                }, {
                    "id":"3fp5hubboifaqe6hn9bsck3rq3",
                    "text":"Clubbing",
    "language":"clubbing"
                }, {
                    "id":"6iq8nsiocdpje2eslgao0g5c4s",
                    "text":"Spoon Nails",
    "language":"spoon nails"
                },
                 {
                    "id":"6iq8nsiocdpje2eslgao0g5c4s",
                    "text":"Spoon Nails",
    "language":"spoon nails"
                },
                 {
                    "id":"6iq8nsiocdpje2eslgao0g5c4s",
                    "text":"Spoon Nails",
    "language":"spoon nails"
                },
                 {
                    "id":"6iq8nsiocdpje2eslgao0g5c4s",
                    "text":"Spoon Nails",
    "language":"spoon nails"
                },
                 {
                    "id":"6iq8nsiocdpje2eslgao0g5c4s",
                    "text":"Spoon Nails",
    "language":"spoon nails"
                },
                 {
                    "id":"6iq8nsiocdpje2eslgao0g5c4s",
                    "text":"Spoon Nails",
    "language":"spoon nails"
                }, {
                    "id":"6luvtcj14erouol995jtnm4rf7",
                    "text":"Discolored",
    "language":"pedal oedema in left"
                }]
            }]
        }, {
            "id":"0lhp3ulsufnavi3f7o0bdg66s3",
            "text":"Ankle",
            "options": [{
                "id":"3ufr8egutqs65irlr8u2gi8iid",
                "text":"Is there ankle oedema?",
    "job-aid-type":"image",
    "job-aid-file":"ankleedemaexample",
                "options": [{
                    "id":"7266ke3fpvk3kv2bplvf7cqcl2",
                    "text":"In left",
    "language":"pedal oedema in right"
                }, {
                    "id":"ID_287551897",
                    "text":"In right",
    "language":"edal oedema in both feet"
                }, {
                    "id":"ID_1390923199",
                    "text":"Both",
    "language":"edal oedema in both feet"
                }, {
                    "id":"7s72difltncg15eq8uk51djqv6",
                    "text":"No oedema",
    "language":"no pedal oedema"
                }]
            }]
        }]
    }, {
        "id":"6ckop7kklhdihk474m4f0t58vc",
        "text":"Head",
    "language":"Head:",
        "options": [{
            "id":"2oumf1tm37dejb5619lr2gb0c2",
            "text":"Injury",
            "options": [{
                "id":"365fe3npmo15fs1idpt9qq4v4i",
                "text":"Inspect the head from all sides and look for injuries",
                "options": [{
                    "id":"46ggknqga16skrkurisdrkmlga",
                    "text":"No injury",
    "language":"no injury"
                }, {
                    "id":"2mtljhbu43q7fn4nj8rn6c1f00",
                    "text":"Injury at side of head",
    "language":"injury at side of head"
                }, {
                    "id":"3uukeqlno2pg63i0ftshkllst5",
                    "text":" injury middle of head",
    "language":"injury in the middle of the head"
                }]
            }]
        }, {
            "id":"0rr3s1emht4njnse07f3o7rsde",
            "text":"Swelling",
            "options": [{
                "id":"5ge0k8tpp7b8dukmd0pm88mu8f",
                "text":"Are there any swellings?",
                "options": [{
                    "id":"3p1cueosmgjfeab59c38smq1rs",
                    "text":"No swelling",
    "language":"no swelling"
                }, {
                    "id":"7l32ahbdi2fkbb8od9l1u0coju",
                    "text":"Swelling at side of head",
    "language":"swelling at middle of the head"
                }, {
                    "id":"4dqpsgo07bkjp5ks5hgbqpvp6g",
                    "text":"Swelling at middle of head",
    "language":"swelling at middle of the head"
                }]
            }]
        }]
    }, {
        "id":"3q5em0r7dg0frq12aobko11338",
        "text":"Ear",
    "language":"Ear:",
        "options": [{
            "id":"2fbasmki3ofs2bri4sk2vlenb6",
            "text":"Bleeding",
            "options": [{
                "id":"096lo55ndv4h6fe645nt299mt5",
                "text":"Is there any bleeding from ear?",
                "options": [{
                    "id":"2i5v2oc3gdosvo5m9n227p4bo5",
                    "text":"Yes",
    "language":"bleeding seen from ear"
                }, {
                    "id":"74gfff8rpeuss6218bb4lma3dr",
                    "text":"No",
    "language":"no bleeding seen from the ear"
                }]
            }]
        }, {
            "id":"1pmas2h9k9hq3q5qqdmlk1nmh5",
            "text":"Discharge",
            "options": [{
                "id":"3ib4lpsg2rub7iorp5qlcm4086",
                "text":"Is there any discharge from the ear?",
                "options": [{
                    "id":"4turgn4sskcj3hvlvb78gu8il9",
                    "text":"Yes",
    "language":"discharge seen from ear"
                }, {
                    "id":"60581gqn41acafejd4ai1491l0",
                    "text":"No",
    "language":"no discharge seen from the ear"
                }]
            }]
        }]
    }, {
        "id":"2qqfs0jt4knpcaubtav7p59i84",
        "text":"Eyes",
    "language":"Eyes:",
        "options": [{
            "id":"5kpauqr2clsrjg20htagccpf1r",
            "text":"Pupil",
            "options": [{
                "id":"1a51vkv5a5mgu91ae0kk19kbil",
                "text":"Shine a torch and look for pupillary movements",
                "options": [{
                    "id":"2cl2p4oqmas4jqc4cl9oj1ce43",
                    "text":"Moving",
    "language":"pupils moving"
                }, {
                    "id":"4lp77jenv79emvs3g9q62d5hir",
                    "text":"Not moving",
    "language":"pupils not moving"
                }]
            }]
        }]
    }, {
        "id":"2dj3h6ujd39inj4t3odadnci0g",
        "text":"Face",
    "language":"Face:",
        "options": [{
            "id":"4kdr5q7hfltqa7jbrup14hdmir",
            "text":"Swollen Face",
            "options": [{
                "id":"28h85njs3ksiv480ik83hukua6",
                "text":"Does the face appear swollen/puffy?",
                "options": [{
                    "id":"5fm4bpqfvupes9b5bu12fljiun",
                    "text":"Normal",
    "language":"face appears normal"
                }, {
                    "id":"4smb46om7l01kp76rk9qa5uu00",
                    "text":"Swollen",
    "language":"face appears swollen"
                }]
            }]
        }]
    }, {
        "id":"6uitbkmgtq2oc68rhcui460g5r",
        "text":"Mouth",
    "language":"Mouth:",
        "options": [{
            "id":"6d8fdfle3o8h0pbqie1uvrmi2i",
            "text":"Tongue Dryness",
            "options": [{
                "id":"5j44qfvarua6569agutns5s590",
                "text":"Is the tongue dry?",
                "options": [{
                    "id":"06o03fpl9bs58km60o3r5k12nk",
                    "text":"Yes",
    "language":"tongue is dry"
                }, {
                    "id":"09rc564f4ctqqr5q0gtr2l0hvk",
                    "text":"No",
    "language":"tongue not dry"
                }]
            }]
        }, {
            "id":"1s49fteqimutf8uj0eftnvntgk",
            "text":"Discoloration of teeth",
            "options": [{
                "id":"22oq936aiq3ijdibnlu0a2otu0",
                "text":"Open mouth;shine a torch to affected part;look for black spots on teeth/discolored teeth",
                "options": [{
                    "id":"47g8kpjfrdiijbt3jj7abue6mp",
                    "text":"Teeth black spots",
    "language":"black spots on teeth"
                }, {
                    "id":"0vp1kncq7je5esav1oqe3smuto",
                    "text":"Teeth discolored",
    "language":"discolored teeth"
                }, {
                    "id":"5tdoq169l36c0fdqngu5rdlt3p",
                    "text":"Teeth normal",
    "language":"teeth are normal"
                }]
            }]
        }, {
            "id":"5l5v4nm5g9f1fchkd163hmg7ql",
            "text":"Swelling of Gum",
            "options": [{
                "id":"1afo09f1e5ijjoum5sb3utlter",
                "text":"Look for swelling on gums",
                "options": [{
                    "id":"2l29uq49a8qk33g9ns8bfujo3u",
                    "text":"Yes",
    "language":"gums swollen"
                }, {
                    "id":"5dthi1ct8mq1snkua7oln8kb15",
                    "text":"No",
    "language":"gums are swollen"
                }]
            }]
        }, {
            "id":"58cou8gf81umet06njv4oc1n6c",
            "text":"Back of throat redness swelling",
            "options": [{
                "id":"6an5fe6s4b9n8c2fkmbmrc9l0o",
                "text":"Open mouth and stick tongue out and shine a torch to examine the back of throat and look for swelling/redness",
                "options": [{
                    "id":"2ha0ob31n8csdscu6g8ren1tll",
                    "text":"Normal",
    "language":"back of throat normal"
                }, {
                    "id":"7j2f56orqds0jguel4tcb2hk6p",
                    "text":"Redness",
    "language":"redness in back of throat"
                }, {
                    "id":"1tllmv1vhq187gn8isto9nv6qo",
                    "text":"Swelling",
    "language":"swelling in back of throat"
                }]
            }]
        }]
    }, {
        "id":"686dv52dr7uagp5s74qs85fpo0",
        "text":"Neck",
    "language":"Neck:",
        "options": [{
            "id":"4o6f7q0eskkg9kq0v0r0a6h9fh",
            "text":"Thyroid swelling",
            "options": [{
                "id":"6sd6af4f1qgucbe17bq482fo2t",
                "text":"Is there swelling in the front of the neck?",
    "job-aid-type":"image",
    "job-aid-file":"thyroidswelling",
                "options": [{
                    "id":"0og1s6ekirbe84jutgjr54ctdt",
                    "text":"Yes",
    "language":"swelling in front of neck"
                }, {
                    "id":"58sqse0lbig862ucj8b2fho5l1",
                    "text":"No",
    "language":"no swelling in front of neck"
                }]
            }]
        }]
    }, {
        "id":"443s6tckt68auclocrhgmu3oak",
        "text":"Chest",
    "language":"Chest:",
        "options": [{
            "id":"46mjqi1ncoqdov4hdnjp1prv91",
            "text":"Heart Sounds",
            "options": [{
                "id":"7m7vu60qnro88g4u5md1msj8oi",
                "text":"Please take patient heart sounds",
                "options": [{
                    "id":"25op01u8pgilscpp4hltbalvpn",
                    "text":"OK"
                }]
            }]
        }, {
            "id":"4ntt2hq1ubl6uei5iqqcmt1rsj",
            "text":"Breath Sounds",
            "options": [{
                "id":"0favv7j3jc1n46lp0v6v8s7637",
                "text":"Please take patient breath sounds",
                "options": [{
                    "id":"53nsih03ggqj7ce851onoknslg",
                    "text":"OK"
                }]
            }]
        }, {
            "id":"21grbm0u93lg9evrnurkp9acjk",
            "text":"ECG",
            "options": [{
                "id":"3kj7dhuuje03rvpeohatao6t1t",
                "text":"Please take patient's ECG",
                "options": [{
                    "id":"1g7akafd7a3cugerij2p18tcsv",
                    "text":"OK"
                }]
            }]
        }, {
            "id":"20pqebj8ij1vm5bjn3cloa16md",
            "text":"Skin Red Spots",
            "options": [{
                "id":"03qdu157oasvf2ieonnv0jgjf0",
                "text":"Inspect the exposed skin and that of chest wall and look for red spots",
                "options": [{
                    "id":"3qhv8cau35fi6bualmpganl5vs",
                    "text":"No red spots",
    "language":""
                }, {
                    "id":"11dq3tjs59itsifmlvqcmm9k3u",
                    "text":"Red spots seen",
    "language":"red spots seen on skin of the chest"
                }]
            }]
        }]
    }, {
        "id":"136efe9j0u2qed5vmqflgih15k",
        "text":"Breast",
    "language":"Breast:",
        "options": [{
            "id":"5u0bj8eju18p6rkq37kjhrjtkl",
            "text":"Examination Instructions",
            "options": [{
                "id":"00te1cpnds5pivja14k0u168r2",
                "text":"For the following breast examination; HA will undertake Inspection only",
                "options": [{
                    "id":"59qdj23qcl1rhv0blnj7blth4e",
                    "text":"OK"
                }]
            }]
        }, {
            "id":"2pkvamf5g9p9b37elcll8bb75e",
            "text":"Scars",
            "options": [{
                "id":"3cbr9frtkdep6m0kj3v2ed85ot",
                "text":"Any scar on the breast?",
                "options": [{
                    "id":"2cmrhupbq2u0idjjl53386lbi9",
                    "text":"Yes",
    "language":"scarring"
                }, {
                    "id":"27n2ugg2ji5p7jbb1sr3i6iqcb",
                    "text":"No",
    "language":"no scarring"
                }]
            }]
        }, {
            "id":"5rbakfs6u9q4vdqkc3eq1gvrr2",
            "text":"Ulcer",
            "options": [{
                "id":"6kgena4h22ag7inhj44fj70hdk",
                "text":"Any ulcer on the breast?",
                "options": [{
                    "id":"70s23tdhr8qcrudm1mv9uqevjk",
                    "text":"Yes",
    "language":"ulcer seen"
                }, {
                    "id":"56rds41aluohab9440cdgj4ir7",
                    "text":"No",
    "language":"no ulcer seen"
                }]
            }]
        }, {
            "id":"3munln03g404amqheuqnrvpj9v",
            "text":"Skin colour",
            "options": [{
                "id":"3p9un6lapk9nu0ggq5833pef5l",
                "text":"Is the colour of the entire skin normal?",
                "options": [{
                    "id":"1i5uleucmsbla5hqe8c1b1kcjq",
                    "text":"Normal",
    "language":"skin normal"
                }, {
                    "id":"0a39jvob5jl0nm4cgdqouimsrp",
                    "text":"Discoloured",
    "language":"skin discolouration"
                }]
            }]
        }, {
            "id":"3vun4a13c8hufvmiocqvkp86s9",
            "text":"Nipple",
            "options": [{
                "id":"51nu6ldj5r0d24qm5ejehp7nlc",
                "text":"Is the nipple normal?",
                "options": [{
                    "id":"119qm4q8gsrgo5708d903gbl2f",
                    "text":"Normal",
    "language":"ipple normal"
                }, {
                    "id":"2liv77l49rc9eak1o6pjvekidl",
                    "text":"Cracked",
    "language":"nipple cracked"
                }, {
                    "id":"27g0v4om5vepgqgtt4q2n30v73",
                    "text":"Inverted",
    "language":"nipple inverted"
                }]
            }]
        }]
    }, {
        "id":"2t2vdn6piv6ohlmdi7bvbf5rk5",
        "text":"Abdomen",
    "language":"Abdomen:",
        "options": [{
            "id":"1s1a0gi6oo6fqeqq35nu3vfv6p",
            "text":"Scars",
            "options": [{
                "id":"0m63c82jb2ouqchb71cjc19c96",
                "text":"Are there visible scars?",
                "options": [{
                    "id":"51jlqttpefo5bvt47itt4gle4h",
                    "text":"Yes",
    "language":"scarring seen",
                    "options": [{
                        "id":"1li24o0i5q99c9lrvlc5oelegk",
                        "text":"Where is it?",
    "job-aid-type":"image",
    "job-aid-file":"abdominalregions9",
                        "options": [{
                            "id":"7jpn3q5lhokifhmmt9anps730m",
                            "text":"Upper(L)",
    "language":"Upper(L)"
                        }, {
                            "id":"46ahu0iuib3jb588tb5psj5s7m",
                            "text":"Upper(C)",
    "language":"Upper(C)"
                        }, {
                            "id":"5nph6mlpkgt8okr829nk64utg6",
                            "text":"Upper(R)",
    "language":"Upper(R)"
                        }, {
                            "id":"5e2rlrnskocg50nmqv93di0vqo",
                            "text":"Middle(L)",
    "language":"Middle(L)"
                        }, {
                            "id":"6dleo64ml0na3p5sbgi675jt5l",
                            "text":"Middle(C)",
    "language":"Middle(C)"
                        }, {
                            "id":"03e7qiiv4m2i5l78v10il5lqnc",
                            "text":"Middle(R)",
    "language":"Middle(R)"
                        }, {
                            "id":"32ragocnprafru5c6pb0sqr0a4",
                            "text":"Lower(L)",
    "language":"Lower(L)"
                        }, {
                            "id":"7e6feg5tspmoqem0lfreksutd6",
                            "text":"Lower(C)",
    "language":"Lower(C)"
                        }, {
                            "id":"5n4c3c79j2vdamdj37hbq7qc5v",
                            "text":"Lower(R)",
    "language":"Lower(R)"
                        }, {
                            "id":"19n7k3i1naihf0i700ss0tg1j9",
                            "text":"All Over",
    "language":"All Over"
                        }]
                    }]
                }, {
                    "id":"2479hlr44iinotc9ib0qulp6tg",
                    "text":"No",
    "language":"no scarring"
                }]
            }]
        }, {
            "id":"2vkfpsqlkinig2gdr6i2fnmasl",
            "text":"Distension",
            "options": [{
                "id":"1mi79jc0g9egsuuti7ftf7bjs1",
                "text":"Is there abdominal bloating?",
                "options": [{
                    "id":"0cstdbsl4iu6mroj46l3jsmpa2",
                    "text":"Yes",
    "language":"distension seen"
                }, {
                    "id":"13evgg6ga91gderevdpl7p0jb3",
                    "text":"No",
    "language":"no distension"
                }]
            }]
        }, {
            "id":"6vo75prj7lpj69v0rah9ptprj5",
            "text":"Tenderness",
            "options": [{
                "id":"0g22rn9bfftlgeo5o21q35is7v",
                "text":"Is there abdominal tenderness?",
                "options": [{
                    "id":"7pnih1pcc88g0ts51u1b6a4he1",
                    "text":"Yes",
    "language":"tenderness seen",
                    "options": [{
                        "id":"3fa3uu2tg8s5iebcnuqsegn77t",
                        "text":"Where is it?",
    "job-aid-type":"image",
    "job-aid-file":"abdominalregions9",
                        "options": [{
                            "id":"3tlg21c2326gbu1rm4qk53fpit",
                            "text":"Upper(L)",
    "language":"Upper(L)"
                        }, {
                            "id":"3an1q5ef0qcrsvipj34tk11291",
                            "text":"Upper(C)",
    "language":"Upper(C)"
                        }, {
                            "id":"2vr8qoh5uj8i7r6e5ukuinufr8",
                            "text":"Upper(R)",
    "language":"Upper(R)"
                        }, {
                            "id":"0lnop7ueoaiua22vlik3e45nfe",
                            "text":"Middle(L)",
    "language":"Middle(L)"
                        }, {
                            "id":"58b89krpqba3tluclbsqv6nun4",
                            "text":"Middle(C)",
    "language":"Middle(C)"
                        }, {
                            "id":"5e7cptqtqdgpoc5snvues5lk79",
                            "text":"Middle(R)",
    "language":"Middle(R)"
                        }, {
                            "id":"4aou5edcakccp507v28hasgi5u",
                            "text":"Lower(L)",
    "language":"Lower(L)"
                        }, {
                            "id":"022ur9sfnq5q2743gnu7g81ae5",
                            "text":"Lower(C)",
    "language":"Lower(C)"
                        }, {
                            "id":"0f6bcg1tc7ibbughrlh56rdje7",
                            "text":"Lower(R)",
    "language":"Lower(R)"
                        }, {
                            "id":"7kon53anrnpqsfpug5qhc0p21b",
                            "text":"All Over",
    "language":"All Over"
                        }]
                    }]
                }, {
                    "id":"221ndbofeiel4kuld16pj90rq0",
                    "text":"No",
    "language":"no tenderness"
                }]
            }]
        }, {
            "id":"6qqkebtga4qqa32to7pcgv5fvl",
            "text":"Lumps",
            "options": [{
                "id":"3v5o8q9h4lkbo5fqqac685jj6d",
                "text":"Are there lumps?",
                "options": [{
                    "id":"1giutjar0lk0cf2kshdr5jgeoa",
                    "text":"Yes",
    "language":"lumps seen",
                    "options": [{
                        "id":"4r5l9qt33bn19so3bs3c4uiith",
                        "text":"Where is it?",
    "job-aid-type":"image",
    "job-aid-file":"abdominalregions9",
                        "options": [{
                            "id":"24cg8m2o428u0fjekqcs0lnth8",
                            "text":"Upper(C)",
    "language":"Upper(C)"
                        }, {
                            "id":"4f58923orn503u76vbsr91h8r4",
                            "text":"Upper(R)",
    "language":"Upper(R)"
                        }, {
                            "id":"58ur1g23ab7c38cq2c2a65m885",
                            "text":"Middle(L)",
    "language":"Middle(L)"
                        }, {
                            "id":"2osvevb8k2kkc5a51sggg8ukmj",
                            "text":"Middle(C)",
    "language":"Middle(C)"
                        }, {
                            "id":"0pptnpanb7l67facgo4fa613qa",
                            "text":"Middle(R)",
    "language":"Middle(R)"
                        }, {
                            "id":"7a6l9madq3r3jj8009j0ilkf1n",
                            "text":"Lower(L)",
    "language":"Lower(L)"
                        }, {
                            "id":"314j563q6gi88jisshinkcaknv",
                            "text":"Lower(C)",
    "language":"Lower(C)"
                        }, {
                            "id":"061jbl7bcvkauvrk1geuok7c2u",
                            "text":"Lower(R)",
    "language":"Lower(R)"
                        }, {
                            "id":"6tc2t1aj3f3t8fisb6t1sqqga1",
                            "text":"All Over",
    "language":"All Over"
                        }]
                    }, {
                        "id":"527hras4h7oie28sm42d1gs4nf",
                        "text":"How many?",
                        "options": [{
                            "id":"7vg06ntaaksg4h0al3lhet48ce",
                            "text":"Enter number of lumps",
    "input-type":"number",
    "language":"No. of lumps _"
                        }]
                    }, {
                        "id":"7n2ig7ajg32k1innt1b61c6fv8",
                        "text":"What is its shape?",
                        "options": [{
                            "id":"4hl0jv0g5sk7uo7p0b02boe73p",
                            "text":"Round",
    "language":"round in shape"
                        }, {
                            "id":"5bg1db5hethbbfs5k51k2vrdgs",
                            "text":"Irregular",
    "language":"irregular in shape"
                        }]
                    }, {
                        "id":"0cggktq1vrlvbal7o6gvt43tdf",
                        "text":"Surface?",
                        "options": [{
                            "id":"2vjtjpeqncg47qsqqrssn8mtg5",
                            "text":"Smooth",
    "language":"smooth surface"
                        }, {
                            "id":"57g2vcu0cninftqki0fkh2huma",
                            "text":"Irregular",
    "language":"irregular surface"
                        }]
                    }, {
                        "id":"1ujal0nlol5pb9f37cen62d91n",
                        "text":"How does it feel?",
                        "options": [{
                            "id":"344f4n28so8mk6v77943tc2o0f",
                            "text":"Hard",
    "language":"feels hard"
                        }, {
                            "id":"3c7e65ukge3gt63pcavoqnr2vt",
                            "text":"Soft",
    "language":"feels soft"
                        }, {
                            "id":"4ugdg490r6odffk2cd8bdgph48",
                            "text":"Medium",
    "language":"feels medium"
                        }]
                    }, {
                        "id":"19d2d6vrbs9558bv5ub1i9uf1o",
                        "text":"Painful or not?",
                        "options": [{
                            "id":"1mjkj9nn7a678ju1oeffiehba3",
                            "text":"Yes",
    "language":"tender"
                        }, {
                            "id":"31204sdffp724anvvo67cgdanu",
                            "text":"No",
    "language":"not tender"
                        }]
                    }, {
                        "id":"1nnme423cok1h5rdhfnkh7hlke",
                        "text":"Any change in colour of skin?",
                        "options": [{
                            "id":"0j882oc11948g1ulqdhmtvgai6",
                            "text":"Yes",
    "language":"discolouration of skin"
                        }, {
                            "id":"0oeemol3epsjche6h7i4i9dsa8",
                            "text":"No",
    "language":"no skin discolouration"
                        }]
                    }, {
                        "id":"3qnfa95mrm3ufktmqr4ktv32f0",
                        "text":"Any swelling above or below the lump?",
                        "options": [{
                            "id":"393ghhvtvu48j1s94ah6m9623j",
                            "text":"Swelling Above",
    "language":"swelling above lump"
                        }, {
                            "id":"607hl7jb8vogfo7e8kvi7aplsm",
                            "text":"Swelling Below",
    "language":"swelling below lump"
                        }, {
                            "id":"3edclgk96hu48kr26l2a544398",
                            "text":"No Swelling",
    "language":"no swelling"
                        }]
                    }, {
                        "id":"5saimdim8ao0gg5v00h3gnq1k6",
                        "text":"Is it moving related to adjacent tissues?",
                        "options": [{
                            "id":"3cog1pco9kl43mmh6cmg69h9qe",
                            "text":"Lump mobile",
    "language":"lump mobile"
                        }, {
                            "id":"5f07fmnfhm94a2ukqrsm6gglah",
                            "text":"Lump fixed",
    "language":"lump fixed"
                        }]
                    }, {
                        "id":"6j0jn1rbniamo13jehauhd3ctn",
                        "text":"Put a hand on the swelling and ask the patient to cough. Can you see and feel if there is a change in size?",
                        "options": [{
                            "id":"5van4tdr4qnkmfqeb4lkse7t47",
                            "text":"Does not change",
    "language":"does not change with coughing"
                        }, {
                            "id":"4ardlukeoecfq3vh1fqr8smu0n",
                            "text":"Increase with coughing",
    "language":"cough impluse +"
                        }]
                    }, {
                        "id":"1obk7oaaf549nbkbntbo6u02s9",
                        "text":"Now ask the patient to lie down. Is the swelling going down/reduces in size?",
                        "options": [{
                            "id":"3llsvgi66eo0vpm56udb9ca05i",
                            "text":"does not change",
    "language":"does not reduce with lying down"
                        }, {
                            "id":"5j0molvlt1v1qmg59a13b4q2j7",
                            "text":"reduce with lying down",
    "language":"reduces with lying down"
                        }]
                    }]
                }, {
                    "id":"4dm6afeg11b56vsl5e5q77d5mg",
                    "text":"No",
    "language":"no lumps"
                }]
            }]
        }]
    }, {
        "id":"793r03sfev9uh7c509en3pnvv3",
        "text":"Scrotal Area",
    "language":"Scrotal Area:",
        "options": [{
            "id":"6qq4mfjcpciqg5rv0etst2abea",
            "text":"Examination Instructions",
            "options": [{
                "id":"5o0mt292pobei9gil5v9qc61di",
                "text":"For the following scrotal examination; HA will undertake Inspection only",
                "options": [{
                    "id":"51kueh7kuj6ltarslbdkjg5b1f",
                    "text":"OK"
                }]
            }]
        }, {
            "id":"5jqekd04mse9e8nlclvg0r8pmh",
            "text":"Swelling",
            "options": [{
                "id":"41vrtk6tkllfsrdniot4mc044g",
                "text":"Is there any swelling?",
                "options": [{
                    "id":"2ju876103iha9if2go8uc9sogl",
                    "text":"Yes",
    "language":"swelling seen"
                }, {
                    "id":"3ekec6a0le7j8m1dnn7ts06kl9",
                    "text":"No",
    "language":"no swelling"
                }]
            }]
        }, {
            "id":"2h3nfic37mufuoqifsmbs297r0",
            "text":"Redness",
            "options": [{
                "id":"75spdmejs6obd04h4ro40tapsv",
                "text":"Is there any redness on the skin?",
                "options": [{
                    "id":"6kvr0prh2ee8bgl77qrhkfnpi9",
                    "text":"Yes",
    "language":"redness seen"
                }, {
                    "id":"56ihut2t9k5ahhqcq7s0lb16e9",
                    "text":"No",
    "language":"no redness"
                }]
            }]
        }]
    }, {
        "id":"0es4h6fge6ib9kfscbgofqt773",
        "text":"Arm",
    "language":"Arm:",
        "options": [{
            "id":"0u7ggh2l4qjhuscrrqpm3l557d",
            "text":"Sitting BP",
            "options": [{
                "id":"7u4mtg18jscik23g5q69n52115",
                "text":"Check BP with the patient sitting",
    "input-type":"bp",
    "language":"BP Sitting _/_"
            }]
        }, {
            "id":"4scthdlberkgra11nfu1ptogc6",
            "text":"Lying BP",
            "options": [{
                "id":"1kck6tsbjr0s9ld3tpe4m22p2s",
                "text":"Check BP with the patient lying down",
    "input-type":"bp",
    "language":"BP Sitting: _/_"
            }]
        }]
    }, {
        "id":"3pd5np20m5l29ffljkk9fganrb",
        "text":"Hands",
    "language":"Hands:",
        "options": [{
            "id":"7e6d81sn7amlih0a1b6ieikabv",
            "text":"Nails cyanosis",
            "options": [{
                "id":"0opiknc208aavnjirjdvnlf3t5",
                "text":"Does the nail beds appear bluish?",
                "options": [{
                    "id":"19fv146mt55pbqrdsii0pdbggg",
                    "text":"Normal",
    "language":"nails normal"
                }, {
                    "id":"1462enod5ftjc98u3303rfmc3p",
                    "text":"Bluish",
    "language":"nails bluish"
                }]
            }]
        }, {
            "id":"5knvilm6k3ib0v2iaa3jfdfpcd",
            "text":"Power",
            "options": [{
                "id":"78pgivnbga1brc9g1dhdf2t5ro",
                "text":"Ask the patient to hold your two fingers tightly; one side at a time and examine strength of grip",
                "options": [{
                    "id":"70gntrpgdvodhvjk2o6qm0n9og",
                    "text":"Grip equal both sides",
    "language":"grip equal both sides"
                }, {
                    "id":"5f2v78f2dcqlkef27pdrd52lhg",
                    "text":"Grip weak on left side",
    "language":"grip weak on left side"
                }, {
                    "id":"1mttk3kafnmv33su45bdrq9chg",
                    "text":"Grip weak on right side",
    "language":"grip weak on right side"
                }]
            }]
        }]
    }, {
        "id":"2h25kbabblri8uukidmf29gcfc",
        "text":"Leg",
    "language":"Leg:",
        "options": [{
            "id":"65067vtfn058cbt8hnu6pmh6fb",
            "text":"Movement",
            "options": [{
                "id":"3un4m5pcnn97p8mckim5il3qpe",
                "text":"(SLR) Patient lies supine. Have them raise one leg at a time (straight at the knee) and look for pain at any point",
                "options": [{
                    "id":"3lem6cmmm9054so6j11b6qg4m7",
                    "text":"SLR normal",
    "language":"SLR normal"
                }, {
                    "id":"3nhnpmgv3t9r51o1trrteqoauv",
                    "text":"pain halfway on left side",
    "language":"pain halfway on left side"
                }, {
                    "id":"7pcua6o29rks3mcbhvft2stted",
                    "text":"pain halfway on right side",
    "language":"pain halfway on right side"
                }, {
                    "id":"63ceb4ocdfd55o7jimgcmnvejo",
                    "text":"pain halfway on both side",
    "language":"pain halfway on both side"
                }, {
                    "id":"31u9knlrh2i6i18osnbdgef5e9",
                    "text":"pain at the beginning on left side",
    "language":"pain at the beginning on left side"
                }, {
                    "id":"7jf9306h47h94mrtm05an9cqna",
                    "text":"pain at the beginning on right side",
    "language":"pain at the beginning on right side"
                }, {
                    "id":"212ohnhik1gq8d23cs7a9st1ek",
                    "text":"pain at the beginning on both side",
    "language":"pain at the beginning on both side"
                }, {
                    "id":"0if1r44q1t85he192dpmcckeqc",
                    "text":"pain near complete point on left side",
    "language":"pain near complete point on left side"
                }, {
                    "id":"5tj7tq4o83e3ukrr1aabsqklc2",
                    "text":"pain near complete point on right side",
    "language":"pain near complete point on right side"
                }, {
                    "id":"00v9urb4v0g32t7frttq3ub816",
                    "text":"pain near complete point on left both sides",
    "language":"pain near complete point on left both sides"
                }]
            }]
        }, {
            "id":"2vj27i02o06g49o6lrgevvnbmg",
            "text":"Strength",
            "options": [{
                "id":"2plsq2r8tbuuh82a8tlmj0hipl",
                "text":"Ask patient to raise one leg at a time against your hand",
                "options": [{
                    "id":"0ggq4g3veqb0fmi1q65j7m12i1",
                    "text":"Both legs equal",
    "language":"no weakness"
                }, {
                    "id":"7gfs3rj0jrg4vb6toj75u9rbcs",
                    "text":"Rt leg weak",
    "language":"weakness in Rt leg side"
                }, {
                    "id":"06uq9bpr5fvpqbopems3sp3ojd",
                    "text":"Lt leg weak",
    "language":"weakness in Lt leg side"
                }]
            }]
        }]
    }, {
        "id":"3k7oq9ett70476k2blcskacc0u",
        "text":"Rectal Area",
    "language":"Rectal Area:",
        "options": [{
            "id":"416hfrdvcpo8q133h2o5u2s2op",
            "text":"Swelling",
            "options": [{
                "id":"2d0vmq2h0jc86t9ugtm4pq5t1r",
                "text":"Is there any swelling?",
                "options": [{
                    "id":"4s2qvhv2jsk809okl8irbdgahk",
                    "text":"Yes",
    "language":"swelling"
                }, {
                    "id":"471njfq0enaf7i4vkvgrlboejs",
                    "text":"No",
    "language":"no swelling"
                }]
            }]
        }, {
            "id":"2ahn16kq7p9kc37ov3b5l1h9cv",
            "text":"Redness",
            "options": [{
                "id":"4fomtserej9c795vhkgvq1caua",
                "text":"Is there any redness on the skin?",
                "options": [{
                    "id":"769khqoeesvdsrsq63chc9cngh",
                    "text":"Yes",
    "language":"redness"
                }, {
                    "id":"7vsncsegr5elji9qi93bt9sia0",
                    "text":"No",
    "language":"no redness"
                }]
            }]
        }, {
            "id":"7n5aelc1pe1k1ufmd2d419a9bi",
            "text":"Discharge",
            "options": [{
                "id":"6b4v1o7hbc8ikp41guafohdh3t",
                "text":"Is there any discharge?",
                "options": [{
                    "id":"56sbpjrb43hcgg19q4ohgb9o5m",
                    "text":"No discharge",
    "language":"no discharge"
                }, {
                    "id":"6f2u003t3925hd36dvdqe0kthi",
                    "text":"pus",
    "language":"pus"
                }, {
                    "id":"6umcmd8kccrjegggh3lb6vpsdc",
                    "text":"blood discharge",
    "language":"blood discharge"
                }]
            }]
        }]
    }, {
        "id":"4t5irnpds12ae3dtqls039q91m",
        "text":"Back",
    "language":"Back:",
        "options": [{
            "id":"5o7bitv8bit3bih36n2u5jhbqo",
            "text":"Swelling",
            "options": [{
                "id":"2spae93dsou9800p22plm30mms",
                "text":"Is there any swelling?",
                "options": [{
                    "id":"7teqb3u97mgvvp223pba22qlre",
                    "text":"Yes",
    "language":"swelling"
                }, {
                    "id":"0835k7lrrmrvdou1b0ra9v5d75",
                    "text":"No",
    "language":"no swelling"
                }]
            }]
        }, {
            "id":"1oclpd2g1ir8boipefejto1tos",
            "text":"Redness",
            "options": [{
                "id":"7bi6ere3gb37b6mau3485lcj4i",
                "text":"Is there any redness on the skin?",
                "options": [{
                    "id":"14d7lj25s1r4ss420u0mvk7idp",
                    "text":"Yes",
    "language":"redness"
                }, {
                    "id":"3b2v2j6trqn0473j674tn0070a",
                    "text":"No",
    "language":"no redness"
                }]
            }]
        }, {
            "id":"7i1v4uc60th626f4qm60nd9p4j",
            "text":"Deformity",
            "options": [{
                "id":"2s5k8bl1f5usse06ngpufo41im",
                "text":"Is the spine deformed?",
                "options": [{
                    "id":"3rodnkiabsbp1givc4n0tucjcb",
                    "text":"Yes",
    "language":"spine midline"
                }, {
                    "id":"4ccsi3a0v2spul2r4gbke9cbps",
                    "text":"No",
    "language":"spine shifted from midline"
                }]
            }]
        }, {
            "id":"7dg7b81tn9rjsk21k5ujvb0rit",
            "text":"Tenderness",
            "options": [{
                "id":"2ion6tdgfsahqk1jiga40eq92c",
                "text":"Feel the back at midline And along the sides of midline and look for tenderness",
                "options": [{
                    "id":"64s1qn0ouep97u2gurbn34eocl",
                    "text":"Yes",
    "language":"tender"
                }, {
                    "id":"6952m0cbt6send8qhid17svbq7",
                    "text":"No",
    "language":"non-tender"
                }]
            }]
        }]
    }, {
        "id":"6o3orbls1q04f07cv7nf8sfcps",
        "text":"Any Location",
    "language":"Any location:",
        "options": [{
            "id":"4o2igq05u9989rp4lvlsatj2cp",
            "text":"Joint Examination",
    "language":"Joint:",
            "options": [{
                "id":"15fqgqi5n6m8q6kencbks5ocgi",
                "text":"For the following joint examinations; please always compare with other side",
                "options": [{
                    "id":"4llikp278a8ojdd7tedjf7ucj4",
                    "text":"Joint Swollen",
                    "options": [{
                        "id":"78er12e1u2keqfouj43ha838p0",
                        "text":"Is the joint swollen?",
                        "options": [{
                            "id":"4unn3ia170uqjk0rpgv06vafjc",
                            "text":"Yes",
    "language":"swollen"
                        }, {
                            "id":"13j1m203lv1l6nq20dbbgiubeu",
                            "text":"No",
    "language":"not swollen"
                        }]
                    }]
                }, {
                    "id":"72e4qbkllccgpnso2d1l0a211k",
                    "text":"Joint Redness",
                    "options": [{
                        "id":"4cqi6go4pht94kflcif8aq1ssa",
                        "text":"Is there any redness on the skin over the joint?",
                        "options": [{
                            "id":"7hue873fuuf5hq62t01pn88dfr",
                            "text":"Yes",
    "language":"redness around joint"
                        }, {
                            "id":"4c1qo42psti5nt2ehskod5i791",
                            "text":"No",
    "language":"no redness around joint"
                        }]
                    }]
                }, {
                    "id":"7j4hr4dsf7t3te9hpam91p8r36",
                    "text":"Joint Deformity",
                    "options": [{
                        "id":"6tjhkp7eme15m62clh18ig00id",
                        "text":"Does the joint appear deformed?",
                        "options": [{
                            "id":"1b7hu0rerlq4jq1ph7552nkvod",
                            "text":"Yes",
    "language":"deformity around joint"
                        }, {
                            "id":"0o29b1v4bs20d9n4l4g2n5ffd6",
                            "text":"No",
    "language":"no deformity around joint"
                        }]
                    }]
                }, {
                    "id":"32s41m6u1rqq5g1872ol22ct3i",
                    "text":"Joint Tenderness",
                    "options": [{
                        "id":"3fthifbu0va74st1hf7uhof7lk",
                        "text":"Feel the joint on all sides and look for tenderness",
                        "options": [{
                            "id":"7frcokaaec3b45o3c0pog2nkrv",
                            "text":"Yes",
    "language":"tender"
                        }, {
                            "id":"0vcqd99cmo9f57cbu8u20j2ee8",
                            "text":"No",
    "language":"non-tender"
                        }]
                    }]
                }, {
                    "id":"7vkb9bulgdnmhc7pktl8dg45p0",
                    "text":"Joint Movement Pain",
                    "options": [{
                        "id":"5dinhlria692hqhmee61588t5v",
                        "text":"Move the joint through its normal range and are there pain at any point?",
                        "options": [{
                            "id":"3gdb15d522q6sdfdbtlnbr97gu",
                            "text":"Yes",
    "language":"movement tender"
                        }, {
                            "id":"22cg7t8tqrtnu8kn9o1oi9i67i",
                            "text":"No",
    "language":"movement non-tender"
                        }]
                    }]
                }, {
                    "id":"1bh00k3631s2i8sigv2e0eakvt",
                    "text":"Joint Movement range",
                    "options": [{
                        "id":"1i3lu7rrv9b0uho2o96v964tm6",
                        "text":"Is full range of movement present?",
                        "options": [{
                            "id":"6nubtkl0t9i8cua837uu1f6nuk",
                            "text":"Yes",
    "language":"range of movement full"
                        }, {
                            "id":"5gkkmjag787qnjoq8s0mp8csrv",
                            "text":"No",
    "language":"range of movement restricted"
                        }]
                    }]
                }]
            }]
        }, {
            "id":"35clajrtt7raiueudmrql4gk9g",
            "text":"Lumps",
    "language":"Lumps:",
            "options": [{
                "id":"2nkv41bsikkpr1g3kai6bfggmq",
                "text":"Are there lumps?",
                "options": [{
                    "id":"4he8lfmvnsg34ic7fbpabtc44b",
                    "text":"Yes",
    "language":"lumps seen",
                    "options": [{
                        "id":"45ae75tq8jsb8ov6kfg4edehfi",
                        "text":"How many?",
                        "options": [{
                            "id":"6ob60th83vfgltq56pdhqi7jlr",
                            "text":"Enter number of lumps",
    "input-type":"number",
    "language":"No of lumps _"
                        }]
                    }, {
                        "id":"5lcqvmmlqvucperv33opbvulvi",
                        "text":"What is its shape?",
                        "options": [{
                            "id":"162rufe7tlbgs647j7q0m9mu1h",
                            "text":"Round",
    "language":"round in shape"
                        }, {
                            "id":"25n0snel30u7v6c2lcvcbod7pg",
                            "text":"Irregular",
    "language":"irregular in shape"
                        }]
                    }, {
                        "id":"45rfd1kcvjam6oi64lvni3heh3",
                        "text":"Surface?",
                        "options": [{
                            "id":"0jp7ririum1rpfcq7vbb9j6vde",
                            "text":"Smooth",
    "language":"surface smooth"
                        }, {
                            "id":"7nekttbhs0ue202kd79lms7kh0",
                            "text":"Irregular",
    "language":"surface irregular"
                        }]
                    }, {
                        "id":"24tmaus9tccdb9tp7o23f3m81h",
                        "text":"How does it feel?",
                        "options": [{
                            "id":"0ig4dj9aqevbedr18a698mltbd",
                            "text":"Hard",
    "language":"feels hard"
                        }, {
                            "id":"51t5bk39p77ge0318ohmu924e7",
                            "text":"Soft",
    "language":"feels soft"
                        }, {
                            "id":"2v81an5tl3tv54kvfuuo60athd",
                            "text":"Medium",
    "language":"feels medium"
                        }]
                    }, {
                        "id":"3kpfb7kmcvj5hhirbr2gpppv2d",
                        "text":"Painful or not?",
                        "options": [{
                            "id":"21f0m3p10fvq5q2ak5hc3agoo2",
                            "text":"Yes",
    "language":"tender"
                        }, {
                            "id":"5t5niovhg1s35mvmrfvv8anr0b",
                            "text":"No",
    "language":"non-tender"
                        }]
                    }, {
                        "id":"4s4ecjv9q15dcot8ltna3opp6p",
                        "text":"Any change in colour of skin?",
                        "options": [{
                            "id":"506kv23vl5oibpgjej3ncdkop6",
                            "text":"Yes",
    "language":"discolouration in skin"
                        }, {
                            "id":"0tolnpvf63lq1afpm8njq3s6j1",
                            "text":"No",
    "language":"no discolouration in skin"
                        }]
                    }, {
                        "id":"2ruio3qd1v1bsmvdds5hbmnclq",
                        "text":"Any swelling above or below the lump?",
                        "options": [{
                            "id":"18gtfrd9qb7dqkjep0aj5objkh",
                            "text":"Swelling Above",
    "language":"swelling above lump"
                        }, {
                            "id":"046do2qvbcnlqvu6f88dpcf0pi",
                            "text":"Swelling Below",
    "language":"swelling below lump"
                        }, {
                            "id":"0rf2dqim3kj3b0v3e1udcp7apg",
                            "text":"No Swelling",
    "language":"no swelling around lump"
                        }]
                    }, {
                        "id":"60vlvbe8u72mp7ms5n9tgnso99",
                        "text":"Is it moving related to adjacent tissues?",
                        "options": [{
                            "id":"0dacf48cg2g3sbn1r6a9k6fqbs",
                            "text":"Lump mobile",
    "language":"lump mobile"
                        }, {
                            "id":"0a43mmlaibpfgracjqblifasqm",
                            "text":"Lump fixed",
    "language":"lump fixed"
                        }]
                    }]
                }, {
                    "id":"2ga14d172oh1e70qdpggcf1rnf",
                    "text":"No",
    "language":"no lumps"
                }]
            }]
        }, {
            "id":"34vqigq1rri15t22qoe2btkume",
            "text":"Skin Rash",
    "language":"Skin Rash:",
            "options": [{
                "id":"2bla4uvbpp2fv6ojnfenjodqul",
                "text":"Is there any rash?",
                "options": [{
                    "id":"589u54qk7l2u9hed63drg8akgk",
                    "text":"Yes",
    "language":"rash seen",
                    "options": [{
                        "id":"6lov87ktcmlrj1gm6cfpi6cc2u",
                        "text":"Size",
                        "options": [{
                            "id":"2pn82btan8v7btdqks6uhg84o3",
                            "text":"Enter size in cm x cm",
    "input-type":"area",
    "language":"size _cm x _ cm"
                        }]
                    }, {
                        "id":"4pap5bnnkpfphml5lffvghpi1c",
                        "text":"How many?",
                        "options": [{
                            "id":"0lv2li905er00qodi01rs6oigu",
                            "text":"Enter number",
    "input-type":"number",
    "language":"Number _"
                        }]
                    }, {
                        "id":"7q5r86eu50k1d369k63i6plh4t",
                        "text":"Surface",
                        "options": [{
                            "id":"2ts8gtpb4h158fce5g78o59mm1",
                            "text":"Smooth",
    "language":"surface smooth"
                        }, {
                            "id":"2iarl1gqhk08f3qpulihr1l4j5",
                            "text":"Rough",
    "language":"surface irregular"
                        }]
                    }, {
                        "id":"1lpin3jjkc2u0tuqom8spshbqd",
                        "text":"Colour",
                        "options": [{
                            "id":"4ctvh2ga00p2qm33koijd1f18u",
                            "text":"Describe",
    "input-type":"text",
    "language":"Colour: _"
                        }]
                    }]
                }, {
                    "id":"55d0k2iookm3bedg3vjkptmhco",
                    "text":"No",
    "language":"no rash"
                }]
            }]
        }, {
            "id":"ID_1820205621",
            "text":"Injury",
    "language":"Injury:",
            "options": [{
                "id":"ID_1749120040",
                "text":"Injury Discolouration",
                "options": [{
                    "id":"27dbrb51lp0aa5a74bgupicelh",
                    "text":"Is there any discolored area?",
                    "options": [{
                        "id":"6r3lmbl4ua2bc4ik5lthrlt398",
                        "text":"Yes(Please take a picture)",
    "language":"bruising"
                    }, {
                        "id":"0hnmvcshh7c39gn40uv2ahvaaq",
                        "text":"No",
    "language":"no bruising"
                    }]
                }]
            }, {
                "id":"5ppf2cn408f2psn455srhlh77j",
                "text":"Injury Cut",
                "options": [{
                    "id":"7jr2vgc8f4agke58mdj3uo85p1",
                    "text":"Is there any cut?",
                    "options": [{
                        "id":"69je855af2lbv9dh46a5ek9hid",
                        "text":"Yes",
    "language":"skin cut"
                    }, {
                        "id":"1si0aalh00f7pi7trm5i71pjms",
                        "text":"No",
    "language":"no skin cut"
                    }]
                }]
            }, {
                "id":"39pfoj2pvmjl37j941bl78gm87",
                "text":"Injury Abrasion",
                "options": [{
                    "id":"1d3gb6ub23obtvhf1gkp7lukhv",
                    "text":"Is there any abrasion?",
                    "options": [{
                        "id":"27evgnahjmv73l5q867jb1vmi5",
                        "text":"Yes",
    "language":"abrasion"
                    }, {
                        "id":"2nb52of6a4u3hpp6k4no5jqgph",
                        "text":"No",
    "language":"no abrasion"
                    }]
                }]
            }]
        }, {
            "id":"0li81lki3l7qgdob8n28djl6d1",
            "text":"Ulcer",
    "language":"Ulcer:",
            "options": [{
                "id":"0fv1oqmiciu8rrk03jvc0vf1s1",
                "text":"Is there an ulcer?",
                "options": [{
                    "id":"02pvjpospai94ppnvucipe41ig",
                    "text":"Yes",
    "language":"ulcer seen",
                    "options": [{
                        "id":"53c44bred47fth5l5mka20nrhg",
                        "text":"Put a ruler next to the ulcer and estimate its size",
                        "options": [{
                            "id":"2v1m35qrajbajt80rtgrrt280l",
                            "text":"Enter size in cm x cm",
    "input-type":"area",
    "language":"size: _ cm x _ cm"
                        }]
                    }, {
                        "id":"02ph9ohp70g24tnl435ai208pg",
                        "text":"Is there any discharge?",
                        "options": [{
                            "id":"22c8uusl7qkiuk8ljlga5pfm8v",
                            "text":"Pus",
    "language":"Pus"
                        }, {
                            "id":"5s9ke64t9oifo0uk0fk32ko9vi",
                            "text":"blood",
    "language":"blood"
                        }, {
                            "id":"5p38tbvokndkamgmnt54lqrk0a",
                            "text":"mixed blood and pus",
    "language":"mixed blood and pus"
                        }, {
                            "id":"20duhp97dl8tf00ogrt7ns8f5v",
                            "text":"thin discharge",
    "language":"thin discharge"
                        }, {
                            "id":"0dr539h8gkek7bqhritucaa6u1",
                            "text":"dry",
    "language":"dry"
                        }]
                    }, {
                        "id":"73ucsmcmf6k499285r1sqbt362",
                        "text":"Colour of surface?",
                        "options": [{
                            "id":"6jtmkaeaencqjpbrs3adl5o6ql",
                            "text":"Clean",
    "language":"surface clean"
                        }, {
                            "id":"05bodpk8i80k9numdlm6qnl7cd",
                            "text":"Dirty",
    "language":"surface dirty"
                        }, {
                            "id":"1sccnq9qeloi6ifuati0vh253k",
                            "text":"Pink",
    "language":"surface pink"
                        }, {
                            "id":"3qjvivl83sg5h6pt8bgvnlht7h",
                            "text":"Black",
    "language":"surface black"
                        }, {
                            "id":"434uaf0v8qgp14jqeckdsgv6qd",
                            "text":"Green",
    "language":"surface green"
                        }, {
                            "id":"3at4cf3j8kjfbotfirbc34sg2m",
                            "text":"Mixed",
    "language":"surface mixed"
                        }]
                    }, {
                        "id":"3ka259e4gg3ta4hoqrdjkoapvf",
                        "text":"What is the edge like?",
                        "options": [{
                            "id":"38d2pm4eu9tcfd5vq4oc9qdvvb",
                            "text":"Flat with ulcer surface",
    "language":"edge flat with ulcer surface"
                        }, {
                            "id":"7fs6ejakafvelafld9dacaginu",
                            "text":"raised from ulcer",
    "language":"egde raised from ulcer"
                        }]
                    }]
                }, {
                    "id":"59nb92ovmpta94vja2iinh6svg",
                    "text":"No",
    "language":"no ulcer"
                }]
            }]
        }, {
            "id":"5mcqteh5srhqk4gt7g9ajf14n2",
            "text":"Boils",
    "language":"Boils:",
            "options": [{
                "id":"5mvingjmvaltgiutbp7rkm15a1",
                "text":"Are there boils?",
                "options": [{
                    "id":"5lqnh30vm6fj52g1811i90ffgo",
                    "text":"Yes",
    "language":"boils seen",
                    "options": [{
                        "id":"1d3f9mpq8h83dk5ejlkf65aagk",
                        "text":"put a ruler next to the ulcer and estimate its size",
                        "options": [{
                            "id":"6q4o1ahd2npolscj41ou1iobjb",
                            "text":"Enter size in cm x cm",
    "input-type":"area",
    "language":"Size: _ cm x _ cm"
                        }]
                    }, {
                        "id":"42355536t2q70svss969f2j08k",
                        "text":"Is there any discharge?",
                        "options": [{
                            "id":"0ueu2a76fj2pgsshvtat2ujc42",
                            "text":"Pus",
    "language":""
                        }, {
                            "id":"40v8di6btu7vs919l02i6ikhlm",
                            "text":"blood",
    "language":"blood"
                        }, {
                            "id":"084hel9b66ojehv7q9o8u7anon",
                            "text":"mixed blood and pus",
    "language":"mixed blood and pus"
                        }, {
                            "id":"09352d6q85f7elcfog3pfp1md6",
                            "text":"thin discharge",
    "language":"thin discharge"
                        }, {
                            "id":"3kj3uf2c12tp9h1esakopc8edv",
                            "text":"dry",
    "language":"dry"
                        }]
                    }, {
                        "id":"1ic1278mhtt40hsm7cevbj7v8f",
                        "text":"Colour of skin over the boil",
                        "options": [{
                            "id":"0h4dektbegfs2effept78ist2g",
                            "text":"Red",
    "language":"Skin over the boil looking red"
                        }, {
                            "id":"5aceeph8rjeddkmcf94bvg0709",
                            "text":"Normal",
    "language":"Skin over the boil looking normal"
                        }]
                    }, {
                        "id":"58e8cdlhlqpl0uh5j2e40gvt9s",
                        "text":"What is the edge like?",
                        "options": [{
                            "id":"5sqih9mnkjbp5s1q7u0aapb41l",
                            "text":"Flat with ulcer surface",
    "language":"edge flat with ulcer surface"
                        }, {
                            "id":"16keptqbnb2fplft0v6a6s4gq8",
                            "text":"raised from ulcer",
    "language":"edge raised from ulcer"
                        }]
                    }]
                }, {
                    "id":"5ghsl8ilvbkk9v7qcbeq98tnqd",
                    "text":"No",
    "language":"no boils"
                }]
            }]
        }]
    }, {
        "id":"ID_48433790",
        "text":"Private Part",
    "language":"Private Part:",
        "options": [{
            "id":"ID_1719223438",
            "text":"Speculum Examination",
            "options": [{
                "id":"ID_602739749",
                "text":"Cervix",
                "options": [{
                    "id":"ID_1950563568",
                    "text":"Normal",
    "language":"normal cervix"
                }, {
                    "id":"ID_1695540411",
                    "text":"Abnormal",
    "language":"abnormal cervix",
                    "options": [{
                        "id":"ID_834305988",
                        "text":"Any Growth",
                        "options": [{
                            "id":"ID_572526218",
                            "text":"Yes",
    "language":"has growth"
                        }, {
                            "id":"ID_1268990222",
                            "text":"No",
    "language":"no growth"
                        }]
                    }]
                }]
            }]
        }]
    }]
}